id,name,armor_type,gender,hunter_type,hunter_rank,village_rank,rarity,defense,max_defense,fire_res,water_res,thunder_res,ice_res,dragon_res,num_slots,skill_1,skill_1_points,skill_2,skill_2_points,skill_3,skill_3_points,skill_4,skill_4_points,skill_5,skill_5_points,price,a_recipe_item_1,a_recipe_item_1_qty,a_recipe_item_2,a_recipe_item_2_qty,a_recipe_item_3,a_recipe_item_3_qty,a_recipe_item_4,a_recipe_item_4_qty,b_recipe_item_1,b_recipe_item_1_qty,b_recipe_item_2,b_recipe_item_2_qty
1,Mafumofu Mittens,ARMS,Male/Female,Blademaster/Gunner,1,1,1,1,55,0,0,0,3,0,1,Cold Res,4,Protection,2,Heat Res,-2,Snow Res,1,,,50,Anteka Pelt,1,,,,,,,,,,
2,Leather Vambraces,ARMS,Male/Female,Blademaster/Gunner,1,1,1,2,56,2,0,0,0,0,1,Gathering,3,Throw,2,Backpackng,2,Alchemy,2,,,150,Sm Monster Bone,1,Anteka Pelt,1,,,,,,,,
3,Chain Vambraces,ARMS,Male/Female,Blademaster/Gunner,1,1,1,4,56,2,2,-2,1,0,1,Health,2,Whim,2,Map,2,Hunger,2,Paralysis,-1,300,Iron Ore,2,Sm Monster Bone,3,,,,,,,,
4,Hunter's Vambraces,ARMS,Male/Female,Blademaster,1,1,1,8,106,0,0,-4,0,0,1,PsychicVis,3,Carving,2,Health,3,Faint,-1,,,450,Iron Ore,2,Bullfango Pelt,1,Ivy,2,,,Normal Ticket,1,,
5,Hunter's Guards,ARMS,Male/Female,Gunner,1,1,1,6,56,2,2,-2,2,0,1,PsychicVis,3,Carving,2,Precision,3,Faint,-1,,,450,Iron Ore,2,Bullfango Pelt,1,Ivy,2,,,Normal Ticket,1,,
6,Bone Vambraces,ARMS,Male/Female,Blademaster,1,1,2,14,106,2,2,-2,-2,-2,1,Anti-Theft,2,Horn,2,Gluttony,3,PsychicVis,1,Map,-1,650,Sm Monster Bone,5,Anteka Pelt,2,Giaprey Scale,1,,,Hard Ticket,1,,
7,Bone Guards,ARMS,Male/Female,Gunner,1,1,2,8,56,5,5,0,-1,0,1,Anti-Theft,2,BBQ,2,Gluttony,3,PsychicVis,1,Map,-1,650,Sm Monster Bone,5,Anteka Pelt,2,Giaprey Scale,1,,,Hard Ticket,1,,
8,Giaprey Vambraces,ARMS,Male/Female,Blademaster,1,1,2,16,106,0,1,1,3,-1,1,Snow Res,3,Ice Res,2,Fire Res,-2,PsychicVis,2,,,750,Giaprey Scale,2,Iron Ore,5,Anteka Pelt,1,,,,,,
9,Giaprey Guards,ARMS,Male/Female,Gunner,1,1,2,8,56,1,3,3,4,0,1,Snow Res,3,PelletSAdd,2,Fire Res,-2,PsychicVis,2,,,750,Giaprey Scale,2,Iron Ore,5,Anteka Pelt,1,,,,,,
10,Battle Vambraces,ARMS,Male/Female,Blademaster,1,1,2,16,106,2,-2,-2,-1,0,1,SwdShrpner,2,Attack,2,Guard,2,Hunger,-1,PsychicVis,2,750,Kelbi Hide,1,Iron Ore,3,Earth Crystal,2,Whetstone,2,,,,
11,Battle Guards,ARMS,Male/Female,Gunner,1,1,2,10,56,4,0,0,0,2,1,Reload,2,Attack,2,NormalS Up,2,Hunger,-1,PsychicVis,2,750,Kelbi Hide,1,Iron Ore,3,Huskberry,10,Sm Bone Husk,3,,,,
12,Velociprey Braces,ARMS,Male/Female,Blademaster,1,2,2,20,106,1,1,1,0,-1,1,Faint,3,SwdShrpner,1,Paralysis,-1,MixSucRate,2,PsychicVis,2,1150,Velociprey Scale,3,Velociprey Hide,2,Earth Crystal,1,Disk Stone,3,,,,
13,Velociprey Guards,ARMS,Male/Female,Gunner,1,2,2,10,56,3,3,3,1,0,1,Faint,3,PelletS Up,2,Paralysis,-1,Shot Mix,2,PsychicVis,1,1150,Velociprey Scale,3,Velociprey Hide,2,Earth Crystal,1,Disk Stone,3,,,,
14,Vespoid Vambraces,ARMS,Male/Female,Blademaster,1,1,3,20,106,-6,-5,2,-4,2,1,Paralysis,2,Everlastng,2,Backpackng,4,Poison,-1,,,1150,Vespoid Wing,3,Iron Ore,3,Earth Crystal,2,,,,,,
15,Vespoid Guards,ARMS,Male/Female,Gunner,1,1,3,10,56,-5,-4,5,-3,2,1,Paralysis,2,Everlastng,2,Backpackng,4,Poison,-1,,,1150,Vespoid Shell,4,Iron Ore,3,Earth Crystal,2,,,,,,
16,Hi-Metal Vambraces,ARMS,Male/Female,Blademaster,1,1,3,20,106,-2,-2,3,-1,0,1,Health,3,Gunnery,2,Whim,2,Stamina,-2,,,1150,Machalite Ore,3,Iron Ore,4,Carpenterbug,2,,,Plus Class Tcket,1,Iron Ore,1
17,Hi-Metal Guards,ARMS,Male/Female,Gunner,1,1,3,10,56,0,0,5,0,0,1,Health,3,Gunnery,3,Crag S Add,1,Stamina,-2,,,1150,Machalite Ore,3,Iron Ore,4,Carpenterbug,2,,,Plus Class Tcket,1,Iron Ore,1
18,Hornet Vambraces,ARMS,Male/Female,Blademaster,1,2,3,22,106,-6,-1,-5,-5,2,1,Dragon Res,2,HearProtct,2,Protection,-2,Gathering,3,,,1350,Hornetaur Wing,3,Hornetaur Shell,3,Iron Ore,5,Monster Fluid,1,,,,
19,Hornet Guards,ARMS,Male/Female,Gunner,1,2,3,11,57,-5,2,-3,-4,3,1,Dragon Res,2,HearProtct,3,Protection,-2,Gathering,2,,,1350,Hornetaur Wing,3,Hornetaur Shell,3,Iron Ore,5,Monster Fluid,1,,,,
20,Genprey Vambraces,ARMS,Male/Female,Blademaster,1,2,3,22,106,2,-2,3,-2,-1,1,Paralysis,3,Health,3,Poison,-1,SwdShrpner,2,,,1350,Genprey Fang,5,Genprey Scale,4,Iron Ore,2,Kut-Ku Scale,1,,,,
21,Genprey Guards,ARMS,Male/Female,Gunner,1,2,3,11,57,4,0,5,0,0,1,Paralysis,3,PelletSAdd,4,Spc Attack,1,Rec Speed,-1,,,1350,Genprey Fang,5,Genprey Scale,4,Iron Ore,2,Kut-Ku Scale,1,,,,
22,Steel Vambraces,ARMS,Male/Female,Blademaster,1,1,3,24,106,2,2,-2,0,0,1,Guard,2,Map,4,Stamina,-2,PsychicVis,1,,,1650,Machalite Ore,10,Iron Ore,10,Disk Stone,6,,,Plus Class Tcket,1,Dragonite Ore,1
23,Ioprey Vambraces,ARMS,Male/Female,Blademaster,1,3,3,24,106,3,2,-2,1,-1,1,Poison,3,Spc Attack,2,Fatigue,1,Faint,-1,Rec Speed,-2,1650,Iodrome Hide,3,Ioprey Fang,5,Ioprey Scale,4,Iron Ore,2,,,,
24,Ioprey Guards,ARMS,Male/Female,Gunner,1,3,3,12,56,4,3,0,2,0,1,Poison,3,PelletS Up,4,Fatigue,1,Faint,-1,,,1650,Iodrome Hide,3,Ioprey Fang,5,Ioprey Scale,4,Iron Ore,2,,,,
25,Kut-Ku Vambraces,ARMS,Male/Female,Blademaster,1,3,3,24,106,2,-2,0,-2,-1,1,Attack,2,Health,3,Fire Res,2,Defense,-1,Water Res,-1,1650,Kut-Ku Scale,3,Kut-Ku Shell,2,Kut-Ku Webbing,2,,,,,,
26,Kut-Ku Guards,ARMS,Male/Female,Gunner,1,3,3,12,56,5,1,3,-1,0,1,Attack,2,Health,3,Fire Res,2,Defense,-1,Water Res,-1,1650,Kut-Ku Scale,3,Kut-Ku Shell,2,Kut-Ku Webbing,2,,,,,,
27,Cephalos Vambraces,ARMS,Male/Female,Blademaster,1,3,3,28,106,-3,2,-4,2,0,1,Heat Res,4,Hunger,3,Cold Res,-2,,,,,2350,Cephalos Fin,1,Cephalos Scale,3,Disk Stone,6,Monster Fluid,1,,,,
28,Cephalos Guards,ARMS,Male/Female,Gunner,1,3,3,16,56,-1,5,-2,3,1,1,Heat Res,4,Hunger,3,Cold Res,-2,,,,,2350,Cephalos Fin,1,Cephalos Scale,3,Disk Stone,6,Monster Fluid,1,,,,
29,Conga Vambraces,ARMS,Male/Female,Blademaster,1,3,3,28,106,-3,2,2,-1,0,1,BombStrUp,2,Antiseptic,2,Hunger,-2,Gluttony,3,,,2350,Congalala Pelt,2,Sharp Claw,3,Brute Bone,4,Killer Beetle,1,,,,
30,Conga Guards,ARMS,Male/Female,Gunner,1,3,3,16,56,-1,4,4,0,1,1,NormalS Up,2,Antiseptic,2,Hunger,-2,Gluttony,3,,,2350,Congalala Pelt,2,Sharp Claw,3,Brute Bone,4,Killer Beetle,1,,,,
31,Gypceros Vambraces,ARMS,Male/Female,Blademaster,1,3,3,30,106,-4,1,4,1,0,2,Poison,3,ThunderRes,2,Stamina,1,Hunger,-1,,,2850,Dragonite Ore,2,Antiseptic Stone,2,Machalite Ore,2,Rubbery Hide,3,,,,
32,Gypceros Guards,ARMS,Male/Female,Gunner,1,3,3,16,56,-1,4,6,3,0,1,Poison,3,ThunderRes,2,Stamina,2,Hunger,-2,,,2850,Dragonite Ore,2,Antiseptic Stone,2,Machalite Ore,2,Rubbery Hide,3,,,,
33,Khezu Vambraces,ARMS,Male/Female,Blademaster,1,3,3,32,106,-3,3,4,1,0,1,Rec Speed,4,Wide Area,2,Horn,2,Faint,-1,,,3350,Pale Bone,1,Flabby Hide,2,Iron Ore,6,Thunderbug,1,,,,
34,Khezu Guards,ARMS,Male/Female,Gunner,1,3,3,16,56,-1,5,6,2,0,1,Rec Speed,4,Wide Area,2,Shot Mix,2,Faint,-1,,,3350,Pale Bone,1,Flabby Hide,2,Iron Ore,6,Thunderbug,1,,,,
35,Hermitaur Braces,ARMS,Male/Female,Blademaster,1,3,3,32,106,-3,3,-4,0,1,2,Defense,2,Guard,1,Throw,2,ThunderRes,-2,,,3350,Hermitaur Claw,1,Hermitaur Shell,2,Machalite Ore,2,Sharp Claw,4,,,,
36,Hermitaur Guards,ARMS,Male/Female,Gunner,1,3,3,16,56,-1,5,-2,1,2,1,Defense,2,Guard Up,2,Throw,3,ThunderRes,-2,,,3350,Hermitaur Claw,1,Hermitaur Shell,2,Machalite Ore,2,Sharp Claw,4,,,,
37,Plesioth Vambraces,ARMS,Male/Female,Blademaster,1,3,3,34,106,-4,4,-4,2,0,1,Stamina,3,Heat Res,2,Cold Res,2,Paralysis,-2,,,4150,Plesioth Fin,1,Monster Fluid,1,Piscine Fang,2,Plesioth Scale,3,,,,
38,Plesioth Guards,ARMS,Male/Female,Gunner,1,3,3,17,57,-2,6,-2,3,1,1,Stamina,3,Heat Res,2,Cold Res,2,Paralysis,-2,,,4150,Plesioth Fin,1,Monster Fluid,1,Piscine Fang,2,Plesioth Scale,3,,,,
39,Lobster Vambraces,ARMS,Male/Female,Blademaster,1,3,3,34,106,-2,6,-6,2,-2,1,Evade,3,Fishing,2,Water Res,2,Guard,-2,,,4150,Sm Lobstershell,1,Plesioth Fin,1,Earth Crystal,4,Iron Ore,3,,,,
40,Lobster Guards,ARMS,Male/Female,Gunner,1,3,3,17,57,0,6,-5,3,0,2,Evade,3,Fishing,1,Water Res,1,Precision,-2,,,4150,Sm Lobstershell,1,Plesioth Fin,1,Earth Crystal,4,Iron Ore,3,,,,
41,Kut-Ku Vambraces D,ARMS,Male/Female,Blademaster,1,3,3,22,106,2,-2,0,-2,-1,1,Attack,2,Expert,2,ElementAtk,2,Rec Speed,-2,Health,-1,1650,Blue Kut-Ku Scl,3,Blue Kut-Ku Shl,2,Bullfango Pelt,2,Sm Monster Bone,3,,,,
42,Kut-Ku Guards D,ARMS,Male/Female,Gunner,1,3,3,10,56,5,1,3,-1,0,1,Attack,2,Expert,2,ElementAtk,2,Rec Speed,-2,Health,-1,1650,Blue Kut-Ku Scl,3,Blue Kut-Ku Shl,2,Bullfango Pelt,2,Sm Monster Bone,3,,,,
43,Gypceros Vambraces D,ARMS,Male/Female,Blademaster,2,3,3,28,106,-4,1,4,1,0,2,Faint,3,Wide Area,2,WindPress,1,Fate,-1,,,2850,Pur Rubbery Hide,3,Antiseptic Stone,2,Machalite Ore,2,Hercudrome,2,,,,
44,Gypceros Guards D,ARMS,Male/Female,Gunner,2,3,3,14,56,-1,4,6,3,0,2,Faint,3,Wide Area,2,WindPress,1,Fate,-1,,,2850,Pur Rubbery Hide,3,Antiseptic Stone,2,Machalite Ore,2,Hercudrome,2,,,,
45,Khezu Vambraces D,ARMS,Male/Female,Blademaster,2,4,3,30,106,3,-3,4,0,0,2,Recovery,2,Wide Area,3,SwdShrpner,-2,,,,,3350,Pale Bone,1,Alluring Hide,2,Iron Ore,6,Thunderbug,1,,,,
46,Khezu Guards D,ARMS,Male/Female,Gunner,2,4,3,14,56,5,-1,6,1,0,1,Recovery,2,Wide Area,5,MixSucRate,-2,,,,,3350,Pale Bone,1,Alluring Hide,2,Iron Ore,6,Thunderbug,1,,,,
47,Plesioth Vambraces D,ARMS,Male/Female,Blademaster,2,3,3,32,106,-4,4,-4,2,0,2,Hunger,2,Everlastng,2,Poison,-2,Fishing,1,,,4150,Grn Plesioth Scl,2,Monster Fluid,1,Cephalos Scale,3,Grn Plesioth Fin,1,,,,
48,Plesioth Guards D,ARMS,Male/Female,Gunner,2,3,3,15,57,-2,6,-2,3,1,2,Hunger,2,Everlastng,2,Poison,-2,Fishing,1,,,4150,Grn Plesioth Scl,2,Monster Fluid,1,Cephalos Scale,3,Grn Plesioth Fin,1,,,,
49,Basarios Vambraces,ARMS,Male/Female,Blademaster,2,4,4,32,106,0,2,2,1,-2,1,Terrain,2,Sleep,3,Whim,1,Defense,2,Faint,-1,3350,Basarios Shell,3,Machalite Ore,5,Poison Sac,3,Whetstone,20,,,,
50,Basarios Guards,ARMS,Male/Female,Gunner,2,4,4,16,56,2,4,4,2,0,1,Terrain,2,Sleep,3,Whim,1,Defense,2,Faint,-1,3350,Basarios Shell,3,Machalite Ore,5,Poison Sac,3,Whetstone,20,,,,
51,Monoblos Vambraces,ARMS,Male/Female,Blademaster,10,4,4,36,106,2,-1,-2,-1,-1,2,Attack,1,Potential,2,Health,3,Protection,-1,,,4900,Monoblos Spine,2,Blood Red Horn,1,Monoblos Shell,3,Monster Fluid,4,,,,
52,Monoblos Guards,ARMS,Male/Female,Gunner,10,4,4,18,56,4,2,0,0,0,1,Attack,2,Potential,2,Health,3,Protection,-2,,,4900,Monoblos Spine,2,Blood Red Horn,1,Monoblos Shell,3,Monster Fluid,4,,,,
53,Garuga Vambraces,ARMS,Male/Female,Blademaster,10,4,4,36,106,2,0,2,0,0,1,Sharpness,3,Expert,2,HearProtct,2,Gathering,-2,,,4900,Garuga Scale,5,Garuga Shell,4,Garuga Wing,2,Monster Bone+,1,,,,
54,Garuga Guards,ARMS,Male/Female,Gunner,10,4,4,18,56,3,2,3,1,0,1,PierceSAdd,3,Expert,2,HearProtct,2,Gathering,-2,,,4900,Garuga Scale,5,Garuga Shell,4,Garuga Tail,1,Monster Bone+,1,,,,
55,Blango Vambraces,ARMS,Male/Female,Blademaster,2,4,4,36,106,-4,2,0,3,1,1,Cold Res,3,Snow Res,2,Quake Res,2,Terrain,-2,,,4900,Blangonga Pelt,4,Giaprey Hide,3,Sharp Claw,2,Kut-Ku Webbing,1,,,,
56,Blango Guards,ARMS,Male/Female,Gunner,2,4,4,18,56,-3,4,1,5,2,1,Cold Res,3,Snow Res,2,Quake Res,2,Terrain,-2,,,4900,Blangonga Pelt,4,Giaprey Hide,3,Sharp Claw,2,Kut-Ku Webbing,1,,,,
57,Ceanataur Braces,ARMS,Male/Female,Blademaster,2,4,4,37,107,1,2,-1,-1,0,1,Sharpness,3,SwdShrpner,2,Artisan,1,Defense,-3,,,5200,Ceanataur Pincer,1,Ceanataur Shell,2,Earth Crystal,4,Carpenterbug,3,,,,
58,Ceanataur Guards,ARMS,Male/Female,Gunner,2,4,4,18,56,2,4,0,0,2,2,PierceS Up,2,Precision,2,PierceSAdd,1,Defense,-2,,,5200,Ceanataur Pincer,1,Ceanataur Shell,2,Earth Crystal,4,Carpenterbug,3,,,,
59,Rathian Vambraces,ARMS,Male/Female,Blademaster,1,6,4,38,108,2,0,-2,0,-4,1,Health,3,Poison,2,Faint,-1,PsychicVis,3,,,5350,Monster Bone+,1,Rathian Shell,2,Rathian Scale,2,Machalite Ore,2,,,,
60,Rathian Guards,ARMS,Male/Female,Gunner,1,6,4,18,58,4,2,0,2,-2,2,Health,3,Poison,2,Faint,-1,PsychicVis,1,,,5350,Monster Bone+,1,Rathian Shell,2,Rathian Scale,2,Machalite Ore,2,,,,
61,Tigrex Vambraces,ARMS,Male/Female,Blademaster,3,5,4,40,108,3,2,-2,3,-1,2,Cooking,2,HearProtct,1,Protection,-1,PsychicVis,3,,,5800,Tigrex Scale,2,Tigrex Fang,2,Tigrex Claw,3,Machalite Ore,5,,,,
62,Tigrex Guards,ARMS,Male/Female,Gunner,3,5,4,20,58,4,3,-1,4,0,1,Cooking,2,HearProtct,2,Protection,-2,PsychicVis,3,,,5800,Tigrex Scale,2,Tigrex Fang,2,Tigrex Claw,3,Machalite Ore,5,,,,
63,Rathalos Vambraces,ARMS,Male/Female,Blademaster,1,6,4,40,108,2,-1,2,-3,-4,1,Attack,4,PsychicVis,2,Paralysis,-2,Rec Speed,1,,,5800,Rathalos Webbing,2,Rathalos Scale,3,Machalite Ore,1,Firestone,1,,,,
64,Rathalos Guards,ARMS,Male/Female,Gunner,1,6,4,20,58,4,0,5,-1,-2,1,Attack,4,PsychicVis,2,Paralysis,-2,Rec Speed,1,,,5800,Rathalos Tail,2,Rathalos Scale,3,Machalite Ore,1,Firestone,1,,,,
65,Diablo Vambraces,ARMS,Male/Female,Blademaster,3,5,4,40,108,3,-1,1,-2,0,1,WindPress,2,Expert,3,Health,-2,Fate,-2,,,5800,Diablos Shell,3,Blos Fang,2,Monster Bone+,1,,,,,,
66,Diablo Guards,ARMS,Male/Female,Gunner,3,5,4,20,58,5,2,4,-1,0,1,WindPress,2,Expert,3,Health,-2,Fate,-2,,,5800,Diablos Shell,3,Blos Fang,2,Monster Bone+,1,,,,,,
67,Gravios Vambraces,ARMS,Male/Female,Blademaster,3,5,4,40,108,2,-2,2,0,-2,1,Guard,2,Sleep,3,Stamina,-2,Defense,2,,,5800,Gravios Shell,6,Flame Sac,4,Lg Monster Bone,5,Dragonite Ore,3,,,,
68,Gravios Guards,ARMS,Male/Female,Gunner,3,5,4,20,58,4,1,3,1,0,1,ClustS Add,4,Sleep,3,Stamina,-2,,,,,5800,Gravios Shell,6,Flame Sac,4,Lg Monster Bone,5,Dragonite Ore,3,,,,
69,Diablo Vambraces D,ARMS,Male/Female,Blademaster,3,5,4,38,108,3,-1,1,-2,0,2,WindPress,3,Sharpness,2,Fate,-1,Defense,-1,,,5800,Black Blos Shell,3,Blos Fang,2,Monster Bone+,1,,,,,,
70,Diablo Guards D,ARMS,Male/Female,Gunner,3,5,4,18,58,5,2,4,-1,0,2,WindPress,3,Reload,2,Fate,-1,Hunger,-1,,,5800,Black Blos Shell,3,Blos Fang,2,Monster Bone+,1,,,,,,
71,Gravios Vambraces D,ARMS,Male/Female,Blademaster,3,5,4,38,108,2,-2,2,1,0,2,Guard Up,2,Defense,3,Hunger,-2,,,,,5800,Blk Gravios Shl,6,Sleep Sac,4,Lg Monster Bone,5,Dragonite Ore,3,,,,
72,Gravios Guards D,ARMS,Male/Female,Gunner,3,5,4,18,58,4,1,3,2,0,2,Guard Up,2,Defense,3,Hunger,-2,,,,,5800,Blk Gravios Shl,6,Sleep Sac,4,Lg Monster Bone,5,Dragonite Ore,3,,,,
73,Mosswine Gloves,ARMS,Male/Female,Blademaster/Gunner,1,2,5,3,55,0,0,0,0,0,1,Gluttony,2,Cooking,2,Health,2,Hunger,-3,,,100,Mosswine Hide,2,Bullfango Pelt,1,Carpenterbug,2,,,,,,
74,Giaprey Gloves,ARMS,Male/Female,Blademaster/Gunner,1,3,5,16,56,0,2,2,3,-2,2,Ice Res,2,Fate,3,Fire Res,-2,,,,,700,Giadrome Claw,2,Sharp Claw,3,Giaprey Scale,3,Kut-Ku Coin,1,,,,
75,Velociprey Gloves,ARMS,Male/Female,Blademaster/Gunner,1,3,5,18,56,1,1,1,1,1,2,Water Res,2,Fate,3,ThunderRes,-2,,,,,900,Velocidrome Claw,2,Sharp Claw,3,Velociprey Scale,3,Congalala Coin,1,,,,
76,Genprey Gloves,ARMS,Male/Female,Blademaster/Gunner,1,3,5,20,56,1,1,2,1,1,2,ThunderRes,2,Fate,3,Ice Res,-2,,,,,1150,Genprey Fang,4,Sharp Claw,3,Genprey Scale,3,Khezu Coin,1,,,,
77,Black Belt Vambraces,ARMS,Male/Female,Blademaster/Gunner,1,3,5,20,56,2,2,2,2,2,0,Torso Inc,,,,,,,,,,3300,Kut-Ku Coin,15,Blackbelt Ticket,10,Killer Beetle,2,Plesioth Coin,12,,,,
78,Shinobi Kote (Sun),ARMS,Male/Female,Blademaster/Gunner,3,6,5,20,56,2,-6,4,-3,2,2,Evade,1,ElementAtk,2,Cold Res,-2,Throw,2,,,9800,Gaoren Spine,1,Blackbelt Ticket,3,Pokke Ticket,1,Rathian Scale,5,,,,
79,Shinobi Kote (Moon),ARMS,Male/Female,Blademaster/Gunner,3,6,5,20,56,2,-6,4,-3,2,1,Hunger,4,Sneak,2,Heat Res,-2,PsychicVis,1,,,9800,Gaoren Spine,1,Blackbelt Ticket,3,Pokke Ticket,1,Rathian Scale,5,,,,
80,Guild Knight Gloves,ARMS,Male,Blademaster/Gunner,3,4,5,20,56,0,0,0,0,0,1,Whim,3,Fate,2,PsychicVis,2,BBQ,-2,,,9800,Commendation,1,Springnight Carp,4,FlynMealPassReg,1,Khezu Coin,3,,,,
81,Maiden's Sleeves,ARMS,Female,Blademaster/Gunner,3,4,5,20,56,0,0,0,0,0,1,Whim,3,Fate,2,PsychicVis,2,BBQ,-2,,,9800,Commendation,1,Springnight Carp,4,FlynMealPassReg,1,Khezu Coin,3,,,,
82,Guild Knight Sleeves,ARMS,Male,Blademaster/Gunner,1,3,5,20,56,0,0,0,0,0,1,Carving,3,PelletS Up,2,Precision,2,Fate,-2,,,9800,Commendation,1,Springnight Carp,4,FlynMealPassReg,1,Daimyo Coin,3,,,,
83,Personal Sleeves,ARMS,Female,Blademaster/Gunner,1,3,5,20,56,0,0,0,0,0,1,Carving,3,PelletS Up,2,Precision,2,Fate,-2,,,9800,Commendation,1,Springnight Carp,4,FlynMealPassReg,1,Daimyo Coin,3,,,,
84,Guardian Vambraces,ARMS,Male,Blademaster/Gunner,3,4,5,20,56,0,0,0,0,0,1,Protection,2,Gunnery,3,Fate,2,Gathering,-2,,,9800,Lightcrystal,2,Springnight Carp,4,Blackbelt Ticket,2,Cephadrome Coin,3,,,,
85,Helper Sleeves,ARMS,Female,Blademaster/Gunner,3,4,5,20,56,0,0,0,0,0,1,Protection,2,Gunnery,3,Fate,2,Gathering,-2,,,9800,Lightcrystal,2,Springnight Carp,4,Blackbelt Ticket,2,Cephadrome Coin,3,,,,
86,Guardian Guards,ARMS,Male,Blademaster/Gunner,1,3,5,20,56,0,0,0,0,0,2,Protection,2,Wide Area,3,Fate,1,Gathering,-1,,,9800,Lightcrystal,2,Springnight Carp,4,Blackbelt Ticket,2,Plesioth Coin,3,,,,
87,Healer Sleeves,ARMS,Female,Blademaster/Gunner,1,3,5,20,56,0,0,0,0,0,2,Protection,2,Wide Area,3,Fate,1,Gathering,-1,,,9800,Lightcrystal,2,Springnight Carp,4,Blackbelt Ticket,2,Plesioth Coin,3,,,,
88,Ioprey Gloves,ARMS,Male/Female,Blademaster/Gunner,1,3,5,22,56,2,1,1,1,1,2,Fire Res,2,Fate,3,Water Res,-2,,,,,1350,Ioprey Fang,4,Sharp Claw,3,Ioprey Scale,3,Daimyo Coin,1,,,,
89,Remobra Hands,ARMS,Male/Female,Blademaster/Gunner,1,3,5,24,58,0,-1,-1,-1,-1,0,Artisan,2,PierceS Up,2,Stamina,3,All Resist,-2,Poison,2,1650,Striped Skin,5,FireWyvern Fluid,2,Hercudrome,1,Dragonite Ore,2,,,,
90,Melahoa Branch,ARMS,Male/Female,Blademaster,1,1,5,20,106,0,1,1,0,0,1,Gathering,3,HiSpdGathr,2,Stamina,1,Hunger,-1,Recovery,2,1150,Dosbiscus,2,Carpenterbug,3,Sap Plant,4,Nutrients,3,,,,
91,Melahoa Petal,ARMS,Male/Female,Gunner,1,1,5,10,56,0,2,1,0,0,1,Gathering,3,HiSpdGathr,2,Stamina,1,Hunger,-1,Recovery,2,1150,Dosbiscus,2,Carpenterbug,3,Sap Plant,4,Nutrients,3,,,,
92,Makluva Sleeves,ARMS,Male/Female,Blademaster,1,2,5,28,106,0,2,-2,0,0,1,Alchemy,2,MixSucRate,3,Fishing,2,Spc Attack,2,,,2350,Springnight Carp,2,Cephalos Scale,3,Bomb Arrowana,5,Book of Combos 1,1,,,,
93,Makluva Sucker,ARMS,Male/Female,Gunner,1,2,5,16,56,0,3,-1,0,0,1,Alchemy,2,MixSucRate,3,Fishing,2,Spc Attack,2,,,2350,Springnight Carp,2,Cephalos Scale,3,Bomb Arrowana,5,Book of Combos 1,1,,,,
94,Hypno Vambraces,ARMS,Male/Female,Blademaster,7,10,5,32,106,-2,2,0,1,1,1,Sleep,2,Tranquilzr,3,Perceive,2,Sneak,-2,,,3350,Hypno Ticket,1,OrangeHypnoPelt+,3,Hypno Claw+,2,Ice Crystal,5,,,,
95,Hypno Guards,ARMS,Male/Female,Gunner,7,10,5,16,56,0,4,2,3,2,1,SleepCAdd,2,Tranquilzr,3,Perceive,2,Sneak,-2,,,3350,Hypno Ticket,1,OrangeHypnoPelt+,3,Hypno Claw+,2,Ice Crystal,5,,,,
96,Obituary Mano,ARMS,Male,Blademaster,1,3,5,32,106,3,-5,3,-4,2,1,Evade,2,Spc Attack,2,Gathering,4,Cold Res,-1,,,3350,Great Hornfly,1,Hercudrome,1,Electro Sac,1,Paralysis Sac,2,,,,
97,Butterfly Mano,ARMS,Female,Blademaster,1,3,5,32,106,3,-5,3,-4,2,1,Evade,2,Spc Attack,2,Gathering,4,Cold Res,-1,,,3350,Great Hornfly,1,Hercudrome,1,Electro Sac,1,Paralysis Sac,2,,,,
98,Obituary Brasso,ARMS,Male,Gunner,1,3,5,16,56,4,-4,5,-3,2,1,Evade,2,Spc Attack,2,Gathering,3,Cold Res,-2,,,3350,Great Hornfly,1,Hercudrome,1,Electro Sac,1,Paralysis Sac,2,,,,
99,Butterfly Brasso,ARMS,Female,Gunner,1,3,5,16,56,4,-4,5,-3,2,1,Evade,2,Spc Attack,2,Gathering,3,Cold Res,-2,,,3350,Great Hornfly,1,Hercudrome,1,Electro Sac,1,Paralysis Sac,2,,,,
100,Black Claw,ARMS,Male/Female,Blademaster,10,5,5,36,106,0,2,2,2,-5,2,,,,,,,,,,,11111,Dark Stone,1,Dark Piece,1,Ancient Potion,1,Firestone,1,,,,
101,Black Fist,ARMS,Male/Female,Gunner,10,5,5,18,56,2,4,4,3,-2,2,,,,,,,,,,,11111,Dark Stone,1,Dark Piece,1,Ancient Potion,1,Firestone,1,,,,
102,Death Stench Grip,ARMS,Male/Female,Blademaster,3,5,5,40,108,2,1,1,-1,0,1,Fencing,2,Sneak,2,Health,-5,,,,,5800,Sinister Cloth,2,Striped Skin,2,Tigrex Fang,3,Eldr Dragon Bone,1,,,,
103,Death Stench Grasp,ARMS,Male/Female,Gunner,3,5,5,20,58,3,2,2,0,1,1,AutoReload,2,Crag S Add,2,Health,-5,,,,,5800,Sinister Cloth,2,Striped Skin,2,Tigrex Fang,3,Eldr Dragon Bone,1,,,,
104,Lava Vambraces,ARMS,Male/Female,Blademaster,7,10,5,40,108,4,-3,0,0,1,1,Terrain,3,Rec Speed,2,Guard,2,Faint,-2,,,5800,Lavasioth Ticket,1,ThckLavasiothScl,3,SpecLavasioFin+,1,Striped Skin,2,,,,
105,Lava Guards,ARMS,Male/Female,Gunner,7,10,5,20,58,5,-1,2,2,2,1,Terrain,3,Rec Speed,2,Recoil,2,Faint,-2,,,5800,Lavasioth Ticket,1,ThckLavasiothScl,3,SpecLavasioFin+,1,Striped Skin,2,,,,
106,Mizuha Sleeves,ARMS,Male/Female,Blademaster,3,5,5,40,108,-4,3,0,4,-1,1,WindPress,4,HearProtct,2,Terrain,-3,,,,,9000,Chameleos Claw,1,Chameleos Hide,3,Eldr Dragon Bone,3,Black Pearl,5,,,,
107,Extravagant Sleeves,ARMS,Male/Female,Gunner,3,5,5,20,58,-3,4,1,5,0,1,WindPress,4,HearProtct,2,Terrain,-3,,,,,9000,Chameleos Claw,1,Chameleos Hide,3,Eldr Dragon Bone,3,Black Pearl,5,,,,
108,Kushala Grip,ARMS,Male/Female,Blademaster,3,4,5,42,108,0,2,-2,4,-3,1,ShortCharg,2,Terrain,4,Poison,-3,,,,,9300,Daora Shell,3,Daora Claw,1,DaoraDragonScale,3,Eldr Dragon Bone,3,,,,
109,Kushala Embrace,ARMS,Male/Female,Gunner,3,4,5,21,59,2,3,-2,5,-2,1,ShortCharg,2,Terrain,4,Poison,-3,,,,,9300,Daora Shell,3,Daora Claw,1,DaoraDragonScale,3,Eldr Dragon Bone,3,,,,
110,Kirin Longarms,ARMS,Male/Female,Blademaster,3,5,5,44,108,0,2,4,0,-1,1,All Resist,3,ElementAtk,2,Everlastng,-2,PsychicVis,2,,,9800,Kirin Hide,1,Flabby Hide,2,Rubbery Hide,3,Thunderbug,2,,,,
111,Kirin Gloves,ARMS,Male/Female,Gunner,3,5,5,22,58,1,4,6,1,0,1,All Resist,3,ElementAtk,2,Everlastng,-2,PsychicVis,2,,,9800,Kirin Hide,1,Flabby Hide,2,Rubbery Hide,3,Thunderbug,2,,,,
112,GuardianSprtVambrces,ARMS,Male/Female,Blademaster,3,4,5,44,110,2,2,0,-2,-2,1,Fencing,2,All Resist,4,Protection,1,Potential,-2,,,9800,Dragonwood,1,Dragonmoss,2,Firestone,2,Pokke Ticket,1,,,,
113,Carnage Vambraces,ARMS,Male/Female,Gunner,3,4,5,22,58,3,4,2,-1,-1,1,Capacity,2,All Resist,4,Protection,1,Potential,-2,,,9800,Dragonwood,1,Dragonmoss,2,Firestone,2,Pokke Ticket,1,,,,
114,Auroros Gauntlets,ARMS,Male,Blademaster,2,6,5,44,110,-2,2,0,2,-4,2,Rec Speed,2,Guard,3,PsychicVis,1,Stamina,-1,,,9800,Lao-Shan's Scale,5,Eldr Dragon Bone,2,Rathalos Wing,1,Commendation,1,,,,
115,Borealis Gauntlets,ARMS,Female,Blademaster,2,6,5,44,110,-2,2,0,2,-4,2,Rec Speed,2,Guard,3,PsychicVis,1,Stamina,-1,,,9800,Lao-Shan's Scale,5,Eldr Dragon Bone,2,Rathalos Wing,1,Commendation,1,,,,
116,Genesis Gauntlets,ARMS,Male,Gunner,2,6,5,22,58,1,3,2,3,-2,1,Rec Speed,2,Reload,3,NormalSAdd,3,Hunger,-1,,,9800,Lao-Shan's Scale,5,Eldr Dragon Bone,2,Rathalos Wing,1,Commendation,1,,,,
117,Glyph Gauntlets,ARMS,Female,Gunner,2,6,5,22,58,1,3,2,3,-2,1,Rec Speed,2,Reload,3,NormalSAdd,3,Hunger,-1,,,9800,Lao-Shan's Scale,5,Eldr Dragon Bone,2,Rathalos Wing,1,Commendation,1,,,,
118,Empress Vambraces,ARMS,Male/Female,Blademaster,10,5,5,46,110,5,-1,0,0,-2,1,Anti-Theft,2,Expert,2,Cold Res,-2,Guard,3,,,11625,Lunastra Shell,3,Fire Drgn Webbng,1,Lunastra Mane,1,Firestone,2,,,,
119,Empress Guards,ARMS,Male/Female,Gunner,10,5,5,23,59,6,1,2,0,-1,1,Anti-Theft,2,Expert,3,Cold Res,-2,Guard Up,2,,,11625,Lunastra Shell,3,Fire Drgn Webbng,1,Lunastra Mane,1,Firestone,2,,,,
120,Indra Gloves,ARMS,Male/Female,Blademaster,3,6,5,48,112,-2,3,2,2,-2,1,Guard,3,Quake Res,2,Cooking,-2,Fate,2,,,13500,Gaoren Shell,2,Gaoren Pincer,1,DaoraDragonScale,2,Dragonite Ore,3,,,,
121,Steadfast Guards,ARMS,Male/Female,Gunner,3,6,5,24,60,0,5,3,3,-1,1,Recoil,2,Quake Res,2,Cooking,-2,Reload,-1,Fate,2,13500,Gaoren Shell,2,Gaoren Pincer,1,DaoraDragonScale,2,Dragonite Ore,3,,,,
122,Kaiser Vambraces,ARMS,Male/Female,Blademaster,3,6,5,48,112,5,-1,0,0,-2,1,Fatigue,3,Expert,3,Cold Res,-3,,,,,13500,Teostra Shell,3,Fire Dragon Claw,2,Firestone,2,ElderDragonBlood,1,,,,
123,Kaiser Guards,ARMS,Male/Female,Gunner,3,6,5,24,60,6,1,2,0,-1,1,Fatigue,3,Expert,3,Cold Res,-3,,,,,13500,Teostra Shell,3,Fire Dragon Claw,2,Firestone,2,ElderDragonBlood,1,,,,
124,(dummy) Amezari Vambraces,ARMS,Male/Female,Blademaster,6,5,5,32,106,3,0,-2,1,0,2,BBQ,2,Fishing,2,Evade,1,Sneak,-2,,,4150,(dummy) Amezari Shell,1,Sm Lobstershell,1,(dummy) Famitsu Ticket,1,,,,,,
125,(dummy) Amezari Guards,ARMS,Male/Female,Gunner,6,5,5,15,57,3,0,0,1,1,2,BBQ,2,Fishing,2,Evade,1,Sneak,-2,,,4150,(dummy) Amezari Shell,1,Sm Lobstershell,1,(dummy) Famitsu Ticket,1,,,,,,
126,Monodevil Vambraces,ARMS,Male/Female,Blademaster,10,4,5,34,106,2,-1,-2,-1,-1,2,Artisan,1,Potential,3,Protection,-2,Expert,1,,,5900,Wht Monoblos Hrn,1,Wht Monoblos Spn,2,Wht Monoblos Shl,4,Monster Bone+,3,,,,
127,Monodevil Guards,ARMS,Male/Female,Gunner,10,4,5,16,56,4,2,0,0,0,2,Capacity,1,Potential,4,Protection,-1,Expert,1,,,5900,Wht Monoblos Hrn,1,Wht Monoblos Spn,2,Wht Monoblos Shl,4,Monster Bone+,3,,,,
128,Rathian Heart Braces,ARMS,Male/Female,Blademaster,3,6,5,36,108,2,0,-2,0,-4,2,Recovery,2,Whim,3,Antiseptic,1,Sneak,-1,,,6400,Pnk Rathian Shl,2,Pnk Rathian Scl,4,FireWyvern Fluid,4,Killer Beetle,4,,,,
129,Rathian Heart Guards,ARMS,Male/Female,Gunner,3,6,5,16,58,4,2,0,2,-2,2,Recovery,2,Whim,3,Antiseptic,1,Sneak,-1,,,6400,Pnk Rathian Shl,2,Pnk Rathian Scl,4,FireWyvern Fluid,4,Killer Beetle,4,,,,
130,Rathalos Soul Braces,ARMS,Male/Female,Blademaster,3,6,5,38,108,2,-1,2,0,-4,1,Attack,3,HearProtct,3,Expert,1,Protection,-2,,,6900,Azure Rthlos Shl,2,Azure Rthlos Scl,3,FireWyvrn Marrow,1,Machalite Ore,5,,,,
131,Rathalos Soul Guards,ARMS,Male/Female,Gunner,3,6,5,18,58,4,2,5,1,-2,2,Attack,3,HearProtct,2,Expert,1,Protection,-1,,,6900,Azur Rthlos Tail,2,Azure Rthlos Scl,3,FireWyvrn Marrow,1,Machalite Ore,5,,,,
132,Mafumofu Mittens S,ARMS,Male/Female,Blademaster/Gunner,4,7,6,20,58,0,0,0,3,0,1,Cold Res,5,Protection,2,Heat Res,-2,,,,,1150,High Qualty Pelt,2,Blango Pelt+,1,Rainbow Insect,1,,,Normal Ticket,1,High Qualty Pelt,1
133,Leather Vambraces S,ARMS,Male/Female,Blademaster/Gunner,4,7,6,22,58,2,0,0,0,0,0,HiSpdGathr,10,Cooking,-1,,,,,,,1350,Carbalite Ore,1,Machalite Ore,10,Kelbi Hide,2,Stout Bone,1,Hard Ticket,1,Blango Pelt+,1
134,Chain Vambraces S,ARMS,Male/Female,Blademaster/Gunner,4,7,6,24,58,2,2,-2,1,0,1,Health,4,Whim,2,Map,2,Paralysis,-1,,,1650,Carbalite Ore,2,Machalite Ore,10,High Qualty Pelt,2,,,Hard Ticket,1,Carbalite Ore,1
135,Hunter's Vambraces S,ARMS,Male/Female,Blademaster,4,7,6,38,108,0,0,-4,0,0,1,PsychicVis,3,Attack,2,Rec Speed,2,Faint,-2,,,5350,Carbalite Ore,3,Machalite Ore,8,Brute Bone,3,Bulldrome Hide+,2,Plus Class Tcket,1,Bulldrome Hide+,1
136,Hunter's Guards S,ARMS,Male/Female,Gunner,4,7,6,26,58,2,2,-2,2,0,1,PsychicVis,3,Attack,2,Rec Speed,2,Faint,-2,,,5350,Carbalite Ore,3,Machalite Ore,8,Brute Bone,3,Bulldrome Hide+,2,Plus Class Tcket,1,Bulldrome Hide+,1
137,Bone Vambraces S,ARMS,Male/Female,Blademaster,4,7,6,44,108,2,2,-2,-2,-2,1,Anti-Theft,2,Horn,3,Cooking,2,Map,-2,,,7200,Inferno Sac,1,Bulldrome Hide+,2,King Scarab,4,Monster Bone+,2,Plus Class Tcket,1,Inferno Sac,1
138,Bone Guards S,ARMS,Male/Female,Gunner,4,7,6,26,58,5,5,0,-1,0,1,Anti-Theft,2,Fishing,3,Cooking,2,Map,-2,,,7200,Inferno Sac,1,Bulldrome Hide+,2,King Scarab,4,Monster Bone+,2,Plus Class Tcket,1,Inferno Sac,1
139,Battle Vambraces S,ARMS,Male/Female,Blademaster,4,7,6,46,108,2,-2,-2,-1,0,1,SwdShrpner,2,Attack,3,Guard,2,Stamina,-2,,,7500,Bulldrome Hide+,3,Rathian Scale,3,Rathalos Scale,3,Monster Bone+,2,Plus Class Tcket,1,Bulldrome Hide+,4
140,Battle Guards S,ARMS,Male/Female,Gunner,4,7,6,26,58,4,0,0,0,2,1,Reload,2,Attack,3,ClustS Add,2,Hunger,-2,,,7500,Bulldrome Hide+,3,Rathian Scale,3,Rathalos Scale,3,Monster Bone+,2,Plus Class Tcket,1,Bulldrome Hide+,4
141,Velociprey Braces S,ARMS,Male/Female,Blademaster,4,7,6,50,108,1,1,1,0,-1,2,Faint,3,SwdShrpner,2,Paralysis,-2,,,,,7800,Velociprey Scle+,3,Velociprey Hide+,5,King Scarab,1,Velocidrome Clw+,2,,,,
142,Velociprey Guards S,ARMS,Male/Female,Gunner,4,7,6,26,58,3,3,3,1,0,2,Faint,3,PelletS Up,2,Paralysis,-2,,,,,7800,Velociprey Scle+,3,Velociprey Hide+,5,King Scarab,1,Velocidrome Clw+,2,,,,
143,Vespoid Vambraces S,ARMS,Male/Female,Blademaster,4,7,6,50,108,-6,-5,2,-4,2,2,Paralysis,3,Everlastng,2,Poison,-2,,,,,7800,Vespoid InnrWng,1,Vespoid Carapace,4,Vespoid Wing,3,Monster Broth,1,,,,
144,Vespoid Guards S,ARMS,Male/Female,Gunner,4,7,6,26,58,-5,-4,5,-3,2,2,Paralysis,3,Everlastng,2,Poison,-2,,,,,7800,Vespoid InnrWng,1,Vespoid Carapace,4,Vespoid Abdomen,1,Monster Broth,1,,,,
145,Hi-Metal Vambraces S,ARMS,Male/Female,Blademaster,4,7,6,50,108,-2,-2,3,-1,0,2,Defense,2,Gunnery,3,All Resist,-2,,,,,7800,Carbalite Ore,5,Lightcrystal,1,Dragonite Ore,10,Electro Sac,4,,,,
146,Hi-Metal Guards S,ARMS,Male/Female,Gunner,4,7,6,26,58,0,0,5,0,0,2,Defense,2,Gunnery,3,All Resist,-2,,,,,7800,Carbalite Ore,5,Lightcrystal,1,Dragonite Ore,10,Electro Sac,4,,,,
147,Steel Vambraces S,ARMS,Male/Female,Blademaster,4,7,6,52,108,2,2,-2,0,0,1,Guard,2,Stamina,-2,Map,5,,,,,8950,Novacrystal,1,Lightcrystal,2,Dragonite Ore,10,Machalite Ore,10,,,,
148,Hornet Vambraces S,ARMS,Male/Female,Blademaster,4,7,6,52,108,-6,-1,-5,-5,2,1,Dragon Res,3,Sharpness,2,Poison,-3,SwdShrpner,1,,,8800,HornetaurInnrWng,1,Hornetaur Crapce,4,Hornetaur Wing,6,Monster Broth,1,,,,
149,Hornet Guards S,ARMS,Male/Female,Gunner,4,7,6,26,58,-5,2,-3,-4,3,2,Dragon Res,3,PierceS Up,2,Poison,-2,,,,,8800,HornetaurInnrWng,1,Hornetaur Crapce,4,Hornetaur Wing,6,Monster Broth,1,,,,
150,Genprey Vambraces S,ARMS,Male/Female,Blademaster,4,7,6,52,108,2,-2,3,-2,-1,2,Paralysis,3,Spc Attack,2,Poison,-2,,,,,8800,Genprey Scale+,4,Genprey Hide+,6,Carbalite Ore,5,Gendrome Hide,3,,,,
151,Genprey Guards S,ARMS,Male/Female,Gunner,4,7,6,26,58,4,0,5,0,0,2,Paralysis,3,Spc Attack,2,Poison,-2,,,,,8800,Genprey Scale+,4,Genprey Hide+,6,Carbalite Ore,5,Gendrome Hide,3,,,,
152,Ioprey Vambraces S,ARMS,Male/Female,Blademaster,4,7,6,52,108,3,2,-2,1,-1,2,Poison,3,Defense,2,Faint,-2,,,,,8950,Ioprey Scale+,4,Ioprey Hide+,6,Firestone,1,Iodrome Hide,3,,,,
153,Ioprey Guards S,ARMS,Male/Female,Gunner,4,7,6,28,58,4,3,0,2,0,2,Poison,3,NormalS Up,2,Faint,-2,,,,,8950,Ioprey Scale+,4,Ioprey Hide+,6,Firestone,1,Iodrome Hide,3,,,,
154,Kut-Ku Vambraces S,ARMS,Male/Female,Blademaster,4,7,6,52,108,2,-2,0,-2,-1,2,Attack,3,Fire Res,2,Defense,-2,,,,,8950,Kut-Ku Scale+,3,Kut-Ku Carapace,2,Kut-Ku Webbing,2,,,,,,
155,Kut-Ku Guards S,ARMS,Male/Female,Gunner,4,7,6,28,58,5,1,3,-1,0,2,Attack,3,Fire Res,2,Defense,-2,,,,,8950,Kut-Ku Scale+,3,Kut-Ku Carapace,2,Kut-Ku Webbing,2,,,,,,
156,Cephalos Vambraces S,ARMS,Male/Female,Blademaster,4,7,6,54,108,-3,2,-4,2,0,2,Heat Res,3,PsychicVis,3,Cold Res,-1,,,,,9000,Cephalos Scale+,5,Cephalos Fin+,2,Machalite Ore,15,Iron Ore,20,,,,
157,Cephalos Guards S,ARMS,Male/Female,Gunner,4,7,6,28,58,-1,5,-2,3,1,2,Heat Res,3,PsychicVis,3,Cold Res,-1,,,,,9000,Cephalos Scale+,5,Cephalos Fin+,2,Machalite Ore,15,Iron Ore,20,,,,
158,Conga Vambraces S,ARMS,Male/Female,Blademaster,4,7,6,54,108,-3,2,2,-1,0,1,ElementAtk,2,Antiseptic,2,Sneak,-2,Gluttony,3,,,9000,Congalala Pelt+,2,Sharp Claw,6,Conga Pelt+,4,Hercudrome,2,,,,
159,Conga Guards S,ARMS,Male/Female,Gunner,4,7,6,28,58,-1,4,4,0,1,1,NormalS Up,2,Antiseptic,2,Sneak,-2,Gluttony,3,,,9000,Congalala Pelt+,2,Sharp Claw,6,Conga Pelt+,4,Hercudrome,2,,,,
160,Gypceros Vambraces S,ARMS,Male/Female,Blademaster,5,7,6,54,108,-4,1,4,1,0,2,Poison,3,Stamina,2,Hunger,-2,,,,,9000,Rubbery Hide+,4,Monster Broth,2,Antiseptic Stone,8,Genprey Scale+,2,,,,
161,Gypceros Guards S,ARMS,Male/Female,Gunner,5,7,6,28,58,-1,4,6,3,0,2,Poison,3,Stamina,2,Hunger,-2,,,,,9000,Rubbery Hide+,4,Monster Broth,2,Antiseptic Stone,8,Genprey Scale+,2,,,,
162,Khezu Vambraces S,ARMS,Male/Female,Blademaster,5,7,6,56,108,-3,3,4,1,0,1,Rec Speed,5,Wide Area,2,Faint,-2,,,,,9100,Khezu Hide - Tan,2,Carbalite Ore,2,Thunderbug Juice,2,Monster Bone+,2,,,,
163,Khezu Guards S,ARMS,Male/Female,Gunner,5,7,6,28,58,-1,5,6,2,0,1,Rec Speed,5,Wide Area,2,Faint,-2,,,,,9100,Khezu Hide - Tan,2,Carbalite Ore,2,Thunderbug Juice,2,Monster Bone+,2,,,,
164,Hermitaur Braces S,ARMS,Male/Female,Blademaster,4,7,6,56,108,-3,3,-4,0,1,2,Defense,2,Guard,2,Throw,2,Stamina,-1,,,9100,Hermitaur Claw+,2,Hermitaur Carpce,2,Carbalite Ore,2,Sharp Claw,4,,,,
165,Hermitaur Guards S,ARMS,Male/Female,Gunner,4,7,6,28,58,-1,5,-2,1,2,2,Defense,2,Reload,2,Crag S Add,2,All Resist,-1,,,9100,Hermitaur Claw+,2,Hermitaur Carpce,2,Carbalite Ore,2,Sharp Claw,4,,,,
166,Hypno Vambraces S,ARMS,Male/Female,Blademaster,7,7,6,56,108,-2,2,0,1,1,1,Sleep,5,Stamina,2,Hunger,-2,,,,,9100,OrangeHypnoPelt,4,Top-GrdHypnoClaw,3,Sleep Sac,2,Velociprey Scle+,4,,,,
167,Hypno Guards S,ARMS,Male/Female,Gunner,7,7,6,28,58,0,4,2,3,2,1,Sleep,5,Stamina,2,Hunger,-2,,,,,9100,OrangeHypnoPelt,4,Top-GrdHypnoClaw,3,Sleep Sac,2,Velociprey Scle+,4,,,,
168,Basarios Vambraces S,ARMS,Male/Female,Blademaster,5,7,6,56,108,0,2,2,1,-2,2,Defense,2,Poison,2,Sleep,1,Dragon Res,-2,,,9100,Basarios Carpace,3,Dragonite Ore,5,Toxin Sac,3,Union Ore,6,,,,
169,Basarios Guards S,ARMS,Male/Female,Gunner,5,7,6,28,58,2,4,4,2,0,2,Defense,2,Poison,2,Sleep,1,Dragon Res,-2,,,9100,Basarios Carpace,3,Dragonite Ore,5,Toxin Sac,3,Union Ore,6,,,,
170,Plesioth Vambraces S,ARMS,Male/Female,Blademaster,5,8,6,58,108,-4,4,-4,2,0,1,Stamina,3,Heat Res,2,Cold Res,2,Hunger,-2,,,9500,Plesioth Scale+,1,Plesioth Fin+,3,Monster Broth,1,Cephalos Scale+,3,,,,
171,Plesioth Guards S,ARMS,Male/Female,Gunner,5,8,6,30,58,-2,6,-2,3,1,1,Stamina,3,Heat Res,2,Cold Res,2,Hunger,-2,,,9500,Plesioth Scale+,1,Plesioth Fin+,3,Monster Broth,1,Cephalos Scale+,3,,,,
172,Monoblos Vambraces S,ARMS,Male/Female,Blademaster,10,8,6,60,108,2,-1,-2,-1,-1,2,Attack,3,Potential,2,Protection,-2,,,,,9900,MonoblosThoracic,2,Blood Red Horn,2,MonoblosCarapace,4,Hrd Monster Bone,3,,,,
173,Monoblos Guards S,ARMS,Male/Female,Gunner,10,8,6,30,58,4,2,0,0,0,2,Attack,3,Potential,2,Protection,-2,,,,,9900,MonoblosThoracic,2,Blood Red Horn,2,MonoblosCarapace,4,Hrd Monster Bone,3,,,,
174,Garuga Vambraces S,ARMS,Male/Female,Blademaster,8,8,6,60,108,2,0,2,0,0,2,HearProtct,2,Poison,3,Gathering,-2,,,,,9900,Garuga Scale+,5,Garuga Carapace,3,Garuga Tail,1,Hrd Monster Bone,2,,,,
175,Garuga Guards S,ARMS,Male/Female,Gunner,8,8,6,30,58,3,2,3,1,0,2,HearProtct,2,PoisonCAdd,3,Gathering,-2,,,,,9900,Garuga Scale+,5,Garuga Carapace,3,Garuga Tail,1,Hrd Monster Bone,2,,,,
176,Blango Vambraces S,ARMS,Male/Female,Blademaster,5,8,6,60,108,-4,2,0,3,1,2,Cold Res,2,Snow Res,2,Attack,2,Heat Res,-1,,,9900,Blangonga Pelt+,2,Blangonga Tail,2,Giadrome Hide,2,Stout Bone,2,,,,
177,Blango Guards S,ARMS,Male/Female,Gunner,5,8,6,30,58,-3,4,1,5,2,1,Cold Res,2,Snow Res,2,Attack,4,Heat Res,-1,,,9900,Blangonga Pelt+,2,Blangonga Tail,2,Giadrome Hide,2,Stout Bone,2,,,,
178,Ceanataur Braces S,ARMS,Male/Female,Blademaster,5,8,6,61,109,1,2,-1,-1,0,2,Artisan,2,Attack,2,SwdShrpner,1,Defense,-2,,,10050,Ceanataur Carpce,2,Ceanataur Pincer,2,Union Ore,2,King Scarab,5,,,,
179,Ceanataur Guards S,ARMS,Male/Female,Gunner,5,8,6,30,58,2,4,0,0,2,2,PierceS Up,2,PierceSAdd,3,Defense,-2,,,,,10050,Ceanataur Carpce,2,Ceanataur Pincer,2,Union Ore,2,King Scarab,5,,,,
180,Rathian Vambraces S,ARMS,Male/Female,Blademaster,5,9,6,62,110,2,0,-2,0,-4,2,Health,4,Poison,2,Faint,-1,,,,,10250,Rathian Spike+,1,Rathian Carapace,2,Rathian Scale+,3,Dragonite Ore,4,,,,
181,Rathian Guards S,ARMS,Male/Female,Gunner,5,9,6,30,60,4,2,0,2,-2,2,Health,4,Poison,2,Faint,-1,,,,,10250,Rathian Spike+,1,Rathian Carapace,2,Rathian Scale+,3,Dragonite Ore,4,,,,
182,Narga Vambraces S,ARMS,Male/Female,Blademaster,8,9,6,62,110,-4,3,-3,2,0,2,Evade Dist,3,Constitutn,2,Attack,-2,,,,,10250,Black Narga Pelt,4,Narga Scale+,3,Nargacuga Fang+,6,Remobra Skin+,2,,,,
183,Narga Guards S,ARMS,Male/Female,Gunner,8,9,6,30,60,-2,4,-1,3,1,2,Evade Dist,1,Constitutn,4,Attack,-2,,,,,10250,Black Narga Pelt,4,Narga Scale+,3,Nargacuga Fang+,6,Remobra Skin+,2,,,,
184,Tigrex Vambraces S,ARMS,Male/Female,Blademaster,6,9,6,64,110,3,2,-2,3,-1,2,Cooking,1,HearProtct,3,Protection,-2,PsychicVis,1,,,10750,Tigrex Claw+,2,Tigrex Scale+,4,Tigrex Claw,3,Novacrystal,1,,,,
185,Tigrex Guards S,ARMS,Male/Female,Gunner,6,9,6,30,60,4,3,-1,4,0,2,Cooking,3,HearProtct,1,Protection,-2,PsychicVis,1,,,10750,Tigrex Claw+,2,Tigrex Scale+,4,Tigrex Claw,3,Novacrystal,1,,,,
186,Rathalos Vambraces S,ARMS,Male/Female,Blademaster,5,9,6,64,110,2,-1,2,-3,-4,2,Attack,4,Rec Speed,2,Faint,-1,,,,,10750,Rathalos Scale+,2,Hrd Monster Bone,3,Rathalos Carpace,3,Rare Scarab,3,,,,
187,Rathalos Guards S,ARMS,Male/Female,Gunner,5,9,6,30,60,4,0,5,-1,-2,2,Attack,4,Rec Speed,2,Faint,-1,,,,,10750,Rathalos Scale+,2,Hrd Monster Bone,3,Rathalos Tail,4,Rare Scarab,3,,,,
188,Diablo Vambraces S,ARMS,Male/Female,Blademaster,6,9,6,64,110,3,-1,1,-2,0,2,WindPress,2,Expert,3,Health,-2,,,,,10750,Diablos Carapace,3,Majestic Horn,1,Blos Fang,4,Monster Bone+,4,,,,
189,Diablo Guards S,ARMS,Male/Female,Gunner,6,9,6,30,60,5,2,4,-1,0,2,WindPress,2,Expert,3,Health,-2,,,,,10750,Diablos Carapace,3,Majestic Horn,1,Blos Fang,4,Monster Bone+,4,,,,
190,Gravios Vambraces S,ARMS,Male/Female,Blademaster,6,9,6,64,110,2,-2,2,0,-2,1,Guard,2,Defense,5,Stamina,-2,,,,,10750,Gravios Carapace,2,Gravios Shell,6,Hrd Monster Bone,1,Firecell Stone,1,,,,
191,Gravios Guards S,ARMS,Male/Female,Gunner,6,9,6,30,60,4,1,3,1,0,2,Recoil,2,Defense,3,Stamina,-2,,,,,10750,Gravios Carapace,2,Gravios Shell,6,Hrd Monster Bone,1,Firecell Stone,1,,,,
192,Leather Vambraces U,ARMS,Male/Female,Blademaster/Gunner,4,7,7,20,58,2,0,0,0,0,3,Gathering,2,Alchemy,2,Sneak,-1,,,,,1350,Giaprey Hide+,2,Iron Ore,4,Blango Pelt+,2,Bulldrome Hide+,1,,,,
193,Chain Vambraces U,ARMS,Male/Female,Blademaster/Gunner,4,7,7,22,58,2,2,-2,1,0,2,Whim,4,Backpackng,2,Map,-1,,,,,1650,Carbalite Ore,1,Rainbow Ore,3,Machalite Ore,10,High Qualty Pelt,2,,,,
194,Hunter's Vambraces U,ARMS,Male/Female,Blademaster,4,7,7,36,108,0,0,-4,0,0,2,PsychicVis,3,BombStrUp,2,Sleep,-2,,,,,5350,King Scarab,3,Carbalite Ore,1,Flame Sac,3,Blk Gravios Shl,2,,,,
195,Hunter's Guards U,ARMS,Male/Female,Gunner,4,7,7,24,58,2,2,-2,2,0,3,PsychicVis,1,Crag S Add,2,Sleep,-2,,,,,5350,King Scarab,3,Carbalite Ore,1,Flame Sac,3,Blk Gravios Shl,2,,,,
196,Bone Vambraces U,ARMS,Male/Female,Blademaster,4,7,7,42,108,2,2,-2,-2,-2,2,Anti-Theft,2,Horn,2,Fatigue,2,Guard,-1,,,7200,Ioprey Hide+,2,Hrd Monster Bone,1,Bullfango Pelt,4,King Scarab,3,,,,
197,Bone Guards U,ARMS,Male/Female,Gunner,4,7,7,24,58,5,5,0,-1,0,2,Anti-Theft,2,Fatigue,3,Precision,-2,,,,,7200,Ioprey Hide+,2,Hrd Monster Bone,1,Bullfango Pelt,4,King Scarab,3,,,,
198,Battle Vambraces U,ARMS,Male/Female,Blademaster,4,7,7,44,108,2,-2,-2,-1,0,2,Guard,2,Defense,3,Stamina,-2,,,,,7500,Bulldrome Hide+,3,Monster Bone+,3,Carbalite Ore,2,Firestone,1,,,,
199,Battle Guards U,ARMS,Male/Female,Gunner,4,7,7,24,58,4,0,0,0,2,2,Reload,2,Defense,3,All Resist,-2,,,,,7500,Bulldrome Hide+,3,Monster Bone+,3,Carbalite Ore,2,Firestone,1,,,,
200,Giaprey Vambraces U,ARMS,Male/Female,Blademaster,4,7,7,44,108,0,1,1,3,-1,2,Snow Res,2,Evade,2,Fire Res,-3,,,,,7500,Giaprey Scale+,2,Giaprey Hide+,2,Blk Gravios Shl,1,Monster Bone+,2,,,,
201,Giaprey Guards U,ARMS,Male/Female,Gunner,4,7,7,24,58,1,3,3,4,0,2,Snow Res,2,Evade,2,Fire Res,-3,,,,,7500,Giaprey Scale+,2,Giaprey Hide+,2,Blk Gravios Shl,1,Monster Bone+,2,,,,
202,Vespoid Vambraces U,ARMS,Male/Female,Blademaster,4,7,7,48,108,-6,-5,2,-4,2,2,Sleep,4,Spc Attack,2,Water Res,-1,,,,,7800,Vespoid InnrWng,1,Vespoid Carapace,4,Rainbow Insect,2,Lightcrystal,2,,,,
203,Vespoid Guards U,ARMS,Male/Female,Gunner,4,7,7,24,58,-5,-4,5,-3,2,2,Sleep,4,Spc Attack,2,Water Res,-1,,,,,7800,Vespoid InnrWng,1,Vespoid Carapace,4,Rainbow Insect,2,Vespoid Abdomen,1,,,,
204,Hi-Metal Vambraces U,ARMS,Male/Female,Blademaster,4,7,7,48,108,-2,-2,3,-1,0,2,Protection,2,ElementAtk,2,Stamina,-3,,,,,7800,Carbalite Ore,5,Firestone,2,Dragonite Ore,5,Electro Sac,2,,,,
205,Hi-Metal Guards U,ARMS,Male/Female,Gunner,4,7,7,24,58,0,0,5,0,0,2,Protection,2,ElementAtk,2,Stamina,-3,,,,,7800,Carbalite Ore,5,Firestone,2,Dragonite Ore,5,Electro Sac,2,,,,
206,Steel Vambraces U,ARMS,Male/Female,Blademaster,4,7,7,50,108,2,2,-2,0,0,2,Guard,2,Stamina,-2,PsychicVis,3,,,,,8950,Novacrystal,1,Rainbow Ore,3,Lightcrystal,2,Dragonite Ore,10,,,,
207,Hornet Vambraces U,ARMS,Male/Female,Blademaster,4,7,7,50,108,-6,-1,-5,-5,2,2,Gathering,2,HearProtct,3,Protection,-2,,,,,8800,HornetaurInnrWng,1,Hornetaur Crapce,4,Rainbow Insect,2,Hercudrome,4,,,,
208,Hornet Guards U,ARMS,Male/Female,Gunner,4,7,7,24,58,-5,2,-3,-4,3,1,Gathering,2,HearProtct,4,Protection,-3,,,,,8800,HornetaurInnrWng,1,Hornetaur Crapce,4,Rainbow Insect,2,Hercudrome,4,,,,
209,Genprey Vambraces U,ARMS,Male/Female,Blademaster,4,7,7,50,108,2,-2,3,-2,-1,2,Paralysis,2,Fate,2,Ice Res,-3,,,,,8800,Genprey Scale+,4,Rainbow Insect,2,Carbalite Ore,5,Small Goldenfish,4,,,,
210,Genprey Guards U,ARMS,Male/Female,Gunner,4,7,7,24,58,4,0,5,0,0,2,Paralysis,2,Fate,2,Ice Res,-3,,,,,8800,Genprey Scale+,4,Rainbow Insect,2,Carbalite Ore,5,Small Goldenfish,4,,,,
211,Ioprey Vambraces U,ARMS,Male/Female,Blademaster,5,7,7,50,108,3,2,-2,1,-1,2,Poison,2,Recovery,2,ThunderRes,-3,,,,,8950,Ioprey Scale+,4,Rainbow Insect,2,Carbalite Ore,5,Rubbery Hide+,2,,,,
212,Ioprey Guards U,ARMS,Male/Female,Gunner,5,7,7,26,58,4,3,0,2,0,2,Poison,2,Recovery,2,ThunderRes,-3,,,,,8950,Ioprey Scale+,4,Rainbow Insect,2,Carbalite Ore,5,Rubbery Hide+,2,,,,
213,Kut-Ku Vambraces U,ARMS,Male/Female,Blademaster,4,8,7,50,108,2,-2,0,-2,-1,2,Expert,3,ElementAtk,2,Health,-2,,,,,8950,Blue Kut-Ku Scl+,3,Blue Kut-Ku Cpc,2,Bulldrome Hide+,2,Stout Bone,3,,,,
214,Kut-Ku Guards U,ARMS,Male/Female,Gunner,4,8,7,26,58,5,1,3,-1,0,2,Expert,3,ElementAtk,2,Health,-2,,,,,8950,Blue Kut-Ku Scl+,3,Blue Kut-Ku Cpc,2,Bulldrome Hide+,2,Stout Bone,3,,,,
215,Cephalos Vambraces U,ARMS,Male/Female,Blademaster,4,7,7,52,108,-3,2,-4,2,0,2,Heat Res,2,Hunger,4,Cold Res,-1,,,,,9000,Coral Cphlos Scl,3,Coral Cphlos Fin,2,Machalite Ore,15,Monster Bone+,2,,,,
216,Cephalos Guards U,ARMS,Male/Female,Gunner,4,7,7,26,58,-1,5,-2,3,1,2,Heat Res,2,Hunger,4,Cold Res,-1,,,,,9000,Coral Cphlos Scl,3,Coral Cphlos Fin,2,Machalite Ore,15,Monster Bone+,2,,,,
217,Conga Vambraces U,ARMS,Male/Female,Blademaster,4,7,7,52,108,-3,2,2,-1,0,2,BombStrUp,2,Potential,3,Hunger,-2,,,,,9000,Congalala Pelt+,2,Sharp Claw,6,Conga Pelt+,4,Rainbow Insect,2,,,,
218,Conga Guards U,ARMS,Male/Female,Gunner,4,7,7,26,58,-1,4,4,0,1,2,BombStrUp,2,PelletS Up,3,Hunger,-2,,,,,9000,Congalala Pelt+,2,Sharp Claw,6,Conga Pelt+,4,Rainbow Insect,2,,,,
219,Gypceros Vambraces U,ARMS,Male/Female,Blademaster,5,7,7,52,108,-4,1,4,1,0,2,Faint,4,WindPress,2,Fate,-1,,,,,9000,Pur Gypceros Wng,3,Monster Broth,2,Antiseptic Stone,8,Genprey Scale+,2,,,,
220,Gypceros Guards U,ARMS,Male/Female,Gunner,5,7,7,26,58,-1,4,6,3,0,2,Faint,4,WindPress,2,Fate,-1,,,,,9000,Pur Gypceros Wng,3,Monster Broth,2,Antiseptic Stone,8,Genprey Scale+,2,,,,
221,Khezu Vambraces U,ARMS,Male/Female,Blademaster,5,7,7,54,108,3,-3,4,0,0,2,Recovery,2,Wide Area,4,Rec Speed,-1,,,,,9100,Alluring Webbing,3,Pale Khezu Steak,1,Union Ore,4,Lifepowder,3,,,,
222,Khezu Guards U,ARMS,Male/Female,Gunner,5,7,7,26,58,5,-1,6,1,0,2,Recovery,2,Wide Area,4,Rec Speed,-1,,,,,9100,Alluring Webbing,3,Pale Khezu Steak,1,Union Ore,4,Lifepowder,3,,,,
223,Hermitaur Braces U,ARMS,Male/Female,Blademaster,4,7,7,54,108,-3,3,-4,0,1,2,Defense,3,Guard Up,2,ThunderRes,-2,,,,,9100,Hermitaur Carpce,3,Rainbow Insect,2,King Scarab,4,Rathian Scale,4,,,,
224,Hermitaur Guards U,ARMS,Male/Female,Gunner,4,7,7,26,58,-1,5,-2,1,2,2,Defense,3,Guard Up,2,ThunderRes,-2,,,,,9100,Hermitaur Carpce,3,Rainbow Insect,2,King Scarab,4,Rathian Scale,4,,,,
225,Basarios Vambraces U,ARMS,Male/Female,Blademaster,5,7,7,54,108,0,2,2,1,-2,2,Terrain,3,Guard,2,Faint,-2,,,,,9100,Basarios Carpace,3,Carbalite Ore,5,Toxin Sac,3,Machalite Ore,20,,,,
226,Basarios Guards U,ARMS,Male/Female,Gunner,5,7,7,26,58,2,4,4,2,0,2,Terrain,2,PierceSAdd,3,Faint,-2,,,,,9100,Basarios Carpace,3,Carbalite Ore,5,Toxin Sac,3,Machalite Ore,20,,,,
227,Plesioth Vambraces U,ARMS,Male/Female,Blademaster,5,8,7,56,108,-4,4,-4,2,0,2,Hunger,3,Everlastng,2,Poison,-2,,,,,9500,Grn Plsioth Scl+,2,Grn Plsioth Fin+,3,Monster Broth,2,Carbalite Ore,3,,,,
228,Plesioth Guards U,ARMS,Male/Female,Gunner,5,8,7,28,58,-2,6,-2,3,1,2,Hunger,3,Everlastng,2,Poison,-2,,,,,9500,Grn Plsioth Scl+,2,Grn Plsioth Fin+,3,Monster Broth,2,Carbalite Ore,3,,,,
229,Blango Vambraces U,ARMS,Male/Female,Blademaster,5,8,7,58,108,-4,2,0,3,1,2,HearProtct,2,Spc Attack,2,Terrain,-3,,,,,9900,Blangonga Pelt+,2,Blangonga Pelt,4,Remobra Skin+,2,Stout Bone,2,,,,
230,Blango Guards U,ARMS,Male/Female,Gunner,5,8,7,28,58,-3,4,1,5,2,2,HearProtct,2,Spc Attack,2,Terrain,-3,,,,,9900,Blangonga Pelt+,2,Blangonga Pelt,4,Remobra Skin+,2,Stout Bone,2,,,,
231,Ceanataur Braces U,ARMS,Male/Female,Blademaster,5,8,7,59,109,1,2,-1,-1,0,3,Sharpness,2,Expert,2,Health,-1,,,,,10050,Ceanataur Carpce,2,Ceanataur Pincer,2,Hrd Monster Bone,1,DaoraDragonScale,1,,,,
232,Ceanataur Guards U,ARMS,Male/Female,Gunner,5,8,7,28,58,2,4,0,0,2,3,Reload,2,Expert,2,Health,-1,,,,,10050,Ceanataur Carpce,2,Ceanataur Pincer,2,Hrd Monster Bone,1,DaoraDragonScale,1,,,,
233,Diablo Vambraces U,ARMS,Male/Female,Blademaster,6,9,7,62,110,3,-1,1,-2,0,2,WindPress,3,Sharpness,2,Defense,-2,,,,,10750,Black Blos Cpc,3,Majestic Horn,1,Blos Fang,4,Gendrome Tail,3,,,,
234,Diablo Guards U,ARMS,Male/Female,Gunner,6,9,7,28,60,5,2,4,-1,0,2,WindPress,3,Reload,2,Fate,-2,,,,,10750,Black Blos Cpc,3,Majestic Horn,1,Blos Fang,4,Gendrome Tail,3,,,,
235,Gravios Vambraces U,ARMS,Male/Female,Blademaster,6,9,7,62,110,2,-2,2,1,0,2,Guard Up,2,Defense,3,Hunger,-2,,,,,10750,Blk Gravios Cpc,2,Blk Gravios Shl,6,Hrd Monster Bone,3,Inferno Sac,3,,,,
236,Gravios Guards U,ARMS,Male/Female,Gunner,6,9,7,28,60,4,1,3,2,0,2,Guard Up,3,Defense,1,Hunger,-3,,,,,10750,Blk Gravios Cpc,2,Blk Gravios Shl,6,Hrd Monster Bone,3,Inferno Sac,3,,,,
237,BlackBeltVambraces S,ARMS,Male/Female,Blademaster/Gunner,4,7,8,30,58,3,3,3,3,3,0,Torso Inc,,,,,,,,,,5250,Rare Scarab,4,Expert Ticket,8,Tigrex Coin,13,Shogun Coin,12,,,,
238,Shinobi Kote(Heaven),ARMS,Male/Female,Blademaster/Gunner,6,10,8,30,58,2,-6,4,-3,2,3,Evade,2,ElementAtk,2,Cold Res,-1,,,,,16000,Fatalis Webbing,1,Commendation,1,Pokke Ticket,1,Rathian Scale+,5,,,,
239,Shinobi Kote (Earth),ARMS,Male/Female,Blademaster/Gunner,6,10,8,30,58,2,-6,4,-3,2,2,Hunger,4,Sneak,2,Heat Res,-1,,,,,16000,Fatalis Webbing,1,Commendation,1,Pokke Ticket,1,Rathian Scale+,5,,,,
240,RedGuildGuard Gloves,ARMS,Male,,5,8,8,30,58,0,0,0,0,0,1,Whim,3,Fate,2,Backpackng,2,Protection,-2,,,16000,Firecell Stone,1,FlynMealPassPlus,1,Commendation,1,Lao-ShanCarapace,2,,,,
241,RedGuildGuard Gloves,ARMS,Female,Blademaster/Gunner,6,9,8,30,58,0,0,0,0,0,1,Whim,3,Fate,2,Backpackng,2,Protection,-2,,,16000,Firecell Stone,1,FlynMealPassPlus,1,Commendation,1,Lao-ShanCarapace,2,,,,
242,RedGuildGuardSleeves,ARMS,Male,,6,9,8,30,58,0,0,0,0,0,1,PelletSAdd,3,PelletS Up,2,Backpackng,2,Protection,-2,,,16000,Firecell Stone,1,FlynMealPassPlus,1,Commendation,1,Blk Blos Thracic,3,,,,
243,RedGuildGuardSleeves,ARMS,Female,Blademaster/Gunner,6,9,8,30,58,0,0,0,0,0,1,PelletSAdd,3,PelletS Up,2,Backpackng,2,Protection,-2,,,16000,Firecell Stone,1,FlynMealPassPlus,1,Commendation,1,Blk Blos Thracic,3,,,,
244,BlueGuildGuardGloves,ARMS,Male,,5,8,8,30,58,0,0,0,0,0,1,Carving,4,Protection,2,Fate,-3,,,,,16000,Novacrystal,1,Pokke Ticket,2,Commendation,1,Azre Rthlos Scl+,5,,,,
245,BlueGuildGuardGloves,ARMS,Female,Blademaster/Gunner,6,9,8,30,58,0,0,0,0,0,1,Carving,4,Protection,2,Fate,-3,,,,,16000,Novacrystal,1,Pokke Ticket,2,Commendation,1,Azre Rthlos Scl+,5,,,,
246,BluGuildGuardSleeves,ARMS,Male,,6,9,8,30,58,0,0,0,0,0,1,Carving,4,NormalS Up,2,Fate,-3,,,,,16000,Novacrystal,1,Pokke Ticket,2,Commendation,1,Azure Rthlos Cpc,4,,,,
247,BluGuildGuardSleeves,ARMS,Female,Blademaster/Gunner,6,9,8,30,58,0,0,0,0,0,1,Carving,4,NormalS Up,2,Fate,-3,,,,,16000,Novacrystal,1,Pokke Ticket,2,Commendation,1,Azure Rthlos Cpc,4,,,,
248,(dummy) Diasorte Vambraces,ARMS,Male/Female,Blademaster,6,9,8,40,110,3,-1,1,-2,0,2,PsychicVis,1,ShortCharg,2,Stamina,2,Constitutn,-2,,,5800,(dummy) Dengeki Maoh Tkt,1,Diablos Carapace,3,Majestic Horn,1,Monster Bone+,4,,,,
249,(dummy) Diasorte Guards,ARMS,Male/Female,Gunner,6,9,8,20,60,5,2,4,-1,0,1,PsychicVis,4,ShortCharg,2,Stamina,1,Constitutn,-2,,,5800,(dummy) Dengeki Maoh Tkt,1,Diablos Carapace,3,Majestic Horn,1,Monster Bone+,4,,,,
250,(dummy) Pirate J Gloves,ARMS,Male/Female,Blademaster,6,10,8,48,114,0,0,0,0,0,0,Carving,4,Fate,2,Protection,-2,BombStrUp,3,,,13500,(dummy) Pirate J Ticket,1,Teostra Carapace,2,Small Goldenfish,2,Remobra Skin+,2,,,,
251,(dummy) Pirate J Cuffs,ARMS,Male/Female,Gunner,6,10,8,24,62,0,0,0,0,0,0,Carving,4,Fate,4,Protection,-3,,,,,13500,(dummy) Pirate J Ticket,1,Teostra Carapace,2,Small Goldenfish,2,Remobra Skin+,2,,,,
252,Golden Kote,ARMS,Male/Female,Blademaster,6,9,8,55,109,3,2,2,-2,3,1,Potential,3,Artisan,2,Horn,2,Sneak,-2,,,15500,Rajang Horn,1,Gld Rathian Scl+,1,Rajang Tail,2,,,,,,
253,PuppetMaster Gloves,ARMS,Male/Female,Gunner,6,7,8,28,60,4,3,3,-1,4,1,Potential,3,Gunnery,3,Sneak,2,Precision,-1,,,15500,Rajang Horn,1,Rajang Tail,2,DaoraDragonScal+,2,Remobra Skin+,2,,,,
254,Obituary Mano S,ARMS,Male,Blademaster,4,7,8,56,108,3,-5,3,-4,2,2,Evade,3,Spc Attack,2,Cold Res,-2,,,,,9100,Rare Scarab,3,Great Hornfly,2,Thunder Sac,2,Paralysis Sac,3,,,,
255,Butterfly Mano S,ARMS,Female,Blademaster,4,7,8,56,108,3,-5,3,-4,2,2,Evade,3,Spc Attack,2,Cold Res,-2,,,,,9100,Rare Scarab,3,Great Hornfly,2,Thunder Sac,2,Paralysis Sac,3,,,,
256,Obituary Brasso S,ARMS,Male,Gunner,4,7,8,28,58,4,-4,5,-3,2,2,Evade,3,Spc Attack,2,Cold Res,-2,,,,,9100,Rare Scarab,3,Great Hornfly,2,Thunder Sac,2,Paralysis Sac,3,,,,
257,Butterfly Brasso S,ARMS,Female,Gunner,4,7,8,28,58,4,-4,5,-3,2,2,Evade,3,Spc Attack,2,Cold Res,-2,,,,,9100,Rare Scarab,3,Great Hornfly,2,Thunder Sac,2,Paralysis Sac,3,,,,
258,Death Stench Grip S,ARMS,Male/Female,Blademaster,6,9,8,64,110,2,1,1,-1,0,2,Fencing,2,Spc Attack,2,Health,-3,,,,,10750,Sinister Cloth,2,Tigrex Fang+,3,Striped Skin,2,Eldr Dragon Bone,2,,,,
259,Death Stench Grasp S,ARMS,Male/Female,Gunner,6,9,8,30,60,3,2,2,0,1,2,AutoReload,2,Spc Attack,2,Health,-3,,,,,10750,Sinister Cloth,2,Tigrex Fang+,3,Striped Skin,2,Eldr Dragon Bone,2,,,,
260,SupremeMizuhaSleeves,ARMS,Male/Female,Blademaster,6,9,8,64,110,-4,3,0,4,-1,1,WindPress,5,HearProtct,2,Terrain,-2,,,,,14000,Chameleos Spike,2,Chameleos Hide+,3,Eldr Dragon Bone,4,ElderDragonBlood,2,,,,
261,SprmExtrvgantSleeves,ARMS,Male/Female,Gunner,6,9,8,30,60,-3,4,1,5,0,1,WindPress,5,HearProtct,2,Terrain,-2,,,,,14000,Chameleos Spike,2,Chameleos Hide+,3,Eldr Dragon Bone,4,ElderDragonBlood,2,,,,
262,Kushala Grip S,ARMS,Male/Female,Blademaster,6,8,8,66,110,0,2,-2,4,-3,1,ShortCharg,2,Terrain,4,Poison,-3,,,,,16000,Daora Carapace,3,Daora Sharp Claw,1,DaoraDragonScal+,3,Eldr Dragon Bone,5,,,,
263,Kushala Embrace S,ARMS,Male/Female,Gunner,6,8,8,32,60,2,3,-2,5,-2,1,ShortCharg,2,Terrain,4,Poison,-3,,,,,16000,Daora Carapace,3,Daora Sharp Claw,1,DaoraDragonScal+,3,Eldr Dragon Bone,5,,,,
264,Kirin Longarms S,ARMS,Male/Female,Blademaster,5,9,8,66,110,0,2,4,0,-1,1,All Resist,5,ElementAtk,2,Everlastng,-2,,,,,16000,Kirin Hide+,1,Kirin Hide,3,Rubbery Hide+,2,Thunderbug Juice,3,,,,
265,Kirin Gloves S,ARMS,Male/Female,Gunner,5,9,8,32,60,1,4,6,1,0,1,All Resist,5,ElementAtk,2,Everlastng,-2,,,,,16000,Kirin Hide+,1,Kirin Hide,3,Rubbery Hide+,2,Thunderbug Juice,3,,,,
266,Auroros GauntletHaku,ARMS,Male,Blademaster,6,8,8,66,112,-2,2,0,2,-4,2,Rec Speed,2,Guard,2,Guard Up,2,Faint,-1,,,16000,Lao-Shan Scale+,5,ElderDragonBlood,4,FireWyvrn BrnStm,1,Commendation,3,,,,
267,BorealisGauntletHaku,ARMS,Female,Blademaster,6,8,8,66,112,-2,2,0,2,-4,2,Rec Speed,2,Guard,2,Guard Up,2,Faint,-1,,,16000,Lao-Shan Scale+,5,ElderDragonBlood,4,FireWyvrn BrnStm,1,Commendation,3,,,,
268,Genesis GauntletHaku,ARMS,Male,Gunner,6,8,8,32,60,1,3,2,3,-2,2,Rec Speed,2,Reload,4,Faint,-1,,,,,16000,Lao-Shan Scale+,5,ElderDragonBlood,4,FireWyvrn BrnStm,1,Commendation,3,,,,
269,Glyph Gauntlets Haku,ARMS,Female,Gunner,6,8,8,32,60,1,3,2,3,-2,2,Rec Speed,2,Reload,4,Faint,-1,,,,,16000,Lao-Shan Scale+,5,ElderDragonBlood,4,FireWyvrn BrnStm,1,Commendation,3,,,,
270,UltimateIndraGloves,ARMS,Male/Female,Blademaster,6,9,8,70,114,-2,3,2,2,-2,1,Guard,5,Quake Res,2,Cooking,-2,,,,,21000,Gaoren Carapace,2,Gaoren Pincer,1,DaoraDragonScal+,2,Rare Scarab,3,,,,
271,SuprmSteadfastGuards,ARMS,Male/Female,Gunner,6,9,8,34,62,0,5,3,3,-1,2,Recoil,2,Quake Res,2,Cooking,-2,Fate,1,,,21000,Gaoren Carapace,2,Gaoren Pincer,1,DaoraDragonScal+,2,Rare Scarab,3,,,,
272,Kaiser Vambraces S,ARMS,Male/Female,Blademaster,6,9,8,70,114,5,-1,0,0,-2,2,Fatigue,2,Expert,3,Cold Res,-2,,,,,21000,Teostra Carapace,4,Fire Dragon Claw,3,Firecell Stone,2,ElderDragonBlood,3,,,,
273,Kaiser Guards S,ARMS,Male/Female,Gunner,6,9,8,34,62,6,1,2,0,-1,1,Fatigue,2,Expert,5,Cold Res,-2,,,,,21000,Teostra Carapace,4,Fire Dragon Claw,3,Firecell Stone,2,ElderDragonBlood,3,,,,
274,Dragonclaw S,ARMS,Male/Female,Blademaster,6,10,8,70,114,0,2,2,2,-5,1,Sharpness,1,Fencing,3,Protection,-3,Expert,-2,,,22222,Fatalis Horn,2,Fatalis Shell,1,Fatalis Webbing,3,Rathian Ruby,1,,,,
275,Dragonfist S,ARMS,Male/Female,Gunner,6,10,8,34,62,2,4,4,3,-2,1,AutoReload,1,NormalS Up,3,Protection,-3,Expert,-2,,,22222,Fatalis Horn,2,Fatalis Shell,1,Fatalis Webbing,3,Rathian Ruby,1,,,,
276,Dark Akantor Claw,ARMS,Male/Female,Blademaster,6,9,8,70,114,2,3,-1,4,-4,1,Artisan,2,Expert,4,HearProtct,1,ShortCharg,-2,,,21000,Akantor Fang,2,Akantor Shell,2,Akantor Scale,3,Firecell Stone,5,,,,
277,DarkAkantor Gauntlet,ARMS,Male/Female,Gunner,6,9,8,34,62,3,4,0,5,-2,1,Capacity,2,Expert,4,HearProtct,1,ShortCharg,-2,,,21000,Akantor Fang,2,Akantor Shell,2,Akantor Scale,3,Firecell Stone,5,,,,
278,Shinobi Kote (Sky),ARMS,Male/Female,Blademaster/Gunner,6,10,8,28,58,2,-6,4,-3,2,3,Evade,2,Spc Attack,2,Cold Res,-1,,,,,16000,Fatalis Webbing,1,Commendation,1,Rainbow Ore,3,Rathian Carapace,3,,,,
279,Shinobi Kote (Sea),ARMS,Male/Female,Blademaster/Gunner,6,10,8,28,58,2,-6,4,-3,2,2,Hunger,2,Wide Area,3,Sneak,-2,,,,,16000,Fatalis Webbing,1,Commendation,1,Rainbow Ore,3,Rathian Carapace,3,,,,
280,Guardian Vambraces U,ARMS,Male,Blademaster/Gunner,4,7,8,28,58,0,0,0,0,0,2,Protection,2,Gunnery,4,Stamina,-1,,,,,16000,Union Ore,3,Springnight Carp,4,Expert Ticket,2,Kirin Coin,3,,,,
281,Helper Sleeves U,ARMS,Female,Blademaster/Gunner,4,7,8,28,58,0,0,0,0,0,2,Protection,2,Gunnery,4,Stamina,-1,,,,,16000,Union Ore,3,Springnight Carp,4,Expert Ticket,2,Kirin Coin,3,,,,
282,Guardian Guards U,ARMS,Male,Blademaster/Gunner,4,7,8,28,58,0,0,0,0,0,2,Protection,2,Wide Area,4,Sneak,-1,,,,,16000,Union Ore,3,Springnight Carp,4,Expert Ticket,2,Gravios Coin,3,,,,
283,Healer Sleeves U,ARMS,Female,Blademaster/Gunner,4,7,8,28,58,0,0,0,0,0,2,Protection,2,Wide Area,4,Sneak,-1,,,,,16000,Union Ore,3,Springnight Carp,4,Expert Ticket,2,Gravios Coin,3,,,,
284,Melahoa Branch U,ARMS,Male/Female,Blademaster,4,7,8,48,108,0,1,1,0,0,2,Gathering,3,HiSpdGathr,2,Recovery,1,Health,-1,,,7800,King Scarab,3,Dosbiscus,4,FlynMealPassPlus,1,Mega Armorskin,5,,,,
285,Melahoa Petal U,ARMS,Male/Female,Gunner,4,7,8,24,58,0,2,1,0,0,2,Gathering,3,HiSpdGathr,2,Recovery,1,Health,-1,,,7800,King Scarab,3,Dosbiscus,4,FlynMealPassPlus,1,Mega Armorskin,5,,,,
286,Makluva Sleeves U,ARMS,Male/Female,Blademaster,4,7,8,52,108,0,2,-2,0,0,2,Alchemy,2,MixSucRate,5,,,,,,,9000,Cephalos Scale+,8,Springnight Carp,4,Speartuna,1,Book of Combos 1,1,,,,
287,Makluva Sucker U,ARMS,Male/Female,Gunner,4,7,8,26,58,0,3,-1,0,0,2,Alchemy,2,MixSucRate,5,,,,,,,9000,Cephalos Scale+,8,Springnight Carp,4,Speartuna,1,Book of Combos 1,1,,,,
288,MonodevilVambracesU,ARMS,Male/Female,Blademaster,10,8,8,58,108,2,-1,-2,-1,-1,1,Artisan,2,Potential,4,Protection,-2,Expert,1,,,9900,WhtMonoblosThora,2,Wht Monoblos Cpc,5,Wht Monoblos Hrn,2,Hrd Monster Bone,3,,,,
289,Monodevil Guards U,ARMS,Male/Female,Gunner,10,8,8,28,58,4,2,0,0,0,1,Capacity,2,Potential,4,Protection,-2,Expert,1,,,9900,WhtMonoblosThora,2,Wht Monoblos Cpc,5,Wht Monoblos Hrn,2,Hrd Monster Bone,3,,,,
290,Rthan Heart Braces U,ARMS,Male/Female,Blademaster,6,9,8,60,110,2,0,-2,0,-4,2,Recovery,2,Whim,3,Antiseptic,1,Sneak,-1,,,13950,Pnk Rathian Cpc,2,Pnk Rathian Scl+,4,Hrd Monster Bone,3,Rathian Plate,1,,,,
291,Rathian HeartGuardsU,ARMS,Male/Female,Gunner,6,9,8,28,60,4,2,0,2,-2,2,Recovery,2,Whim,3,Antiseptic,1,Sneak,-1,,,13950,Pnk Rathian Cpc,2,Pnk Rathian Scl+,4,Hrd Monster Bone,3,Rathian Plate,1,,,,
292,Rthlos Soul Braces U,ARMS,Male/Female,Blademaster,6,9,8,62,110,2,-1,2,0,-4,2,Expert,2,HearProtct,3,Health,-2,,,,,14500,Azure Rthlos Cpc,2,Azre Rthlos Scl+,3,Hrd Monster Bone,3,Carbalite Ore,3,,,,
293,Rthlos Soul Guards U,ARMS,Male/Female,Gunner,6,9,8,28,60,4,2,5,1,-2,2,Expert,2,HearProtct,3,Health,-2,,,,,14500,Azure Rthlos Cpc,2,Azur Rthlos Tail,3,Hrd Monster Bone,3,Carbalite Ore,3,,,,
294,Golden Moon Braces,ARMS,Male/Female,Blademaster,6,9,8,62,112,2,0,-2,0,1,2,Health,3,Fate,3,Whim,-1,,,,,15100,Gld Rathian Cpc,3,Gld Rathian Scl+,3,Rathian Spike+,1,Rathian Ruby,1,,,,
295,Golden Moon Guards,ARMS,Male/Female,Gunner,6,9,8,31,61,4,2,0,1,2,2,Health,3,Fate,3,Whim,-1,,,,,15100,Gld Rathian Cpc,3,Gld Rathian Scl+,3,Rathian Spike+,1,Rathian Ruby,1,,,,
296,Silver Sol Braces,ARMS,Male/Female,Blademaster,6,9,8,64,112,2,-1,-1,0,1,2,Attack,3,Fencing,2,Defense,-2,,,,,16000,Slvr Rthlos Cpc,2,Slvr Rthlos Scl+,3,Rathalos Ruby,1,Wyvern Stone,2,,,,
297,Silver Sol Guards,ARMS,Male/Female,Gunner,6,9,8,32,60,4,2,1,1,2,2,Attack,2,PierceS Up,2,Defense,-2,ElementAtk,1,,,16000,Slvr Rthlos Cpc,2,Slvr Rthlos Tail,3,Rathalos Ruby,1,Wyvern Stone,2,,,,
298,Auroros Gauntlet Ten,ARMS,Male,Blademaster,5,9,8,64,112,-2,2,0,2,-4,2,Rec Speed,3,Fencing,2,Faint,-2,,,,,32500,Azure LaoS Shell,5,ElderDragonBlood,4,Rathian Spike+,2,Commendation,3,,,,
299,Borealis GauntletTen,ARMS,Female,Blademaster,5,9,8,64,112,-2,2,0,2,-4,2,Rec Speed,3,Fencing,2,Faint,-2,,,,,32500,Azure LaoS Shell,5,ElderDragonBlood,4,Rathian Spike+,2,Commendation,3,,,,
300,Genesis Gauntlet Ten,ARMS,Male,Gunner,5,9,8,30,60,1,3,2,3,-2,2,Rec Speed,3,PierceS Up,2,Faint,-2,,,,,32500,Azure LaoS Shell,5,ElderDragonBlood,4,Rathian Spike+,2,Commendation,3,,,,
301,Glyph Gauntlets Ten,ARMS,Female,Gunner,5,9,8,30,60,1,3,2,3,-2,2,Rec Speed,3,PierceS Up,2,Faint,-2,,,,,32500,Azure LaoS Shell,5,ElderDragonBlood,4,Rathian Spike+,2,Commendation,3,,,,
302,Fatalis Claw,ARMS,Male/Female,Blademaster,6,10,8,68,114,0,2,2,2,-5,1,Artisan,2,Stamina,2,Protection,-3,Defense,-2,,,33333,Fatalis CrmsnHrn,2,Fatalis CrmsnShl,1,Fatalis CrmsnWng,3,Rathian Ruby,1,,,,
303,Fatalis Fist,ARMS,Male/Female,Gunner,6,10,8,32,62,2,4,4,3,-2,1,Capacity,2,Stamina,2,Protection,-3,Defense,-2,,,33333,Fatalis CrmsnHrn,2,Fatalis CrmsnShl,1,Fatalis CrmsnWng,3,Rathian Ruby,1,,,,
304,White Fatalis Claw,ARMS,Male/Female,Blademaster,6,10,8,71,115,0,2,2,2,-5,1,Artisan,2,Fencing,2,Protection,-3,Sharpness,-2,,,44444,Wht Fatalis Horn,2,Wht Fatalis Shl,1,Wht Fatalis Wbng,3,Chameleos Jewel,1,,,,
305,White Fatalis Fist,ARMS,Male/Female,Gunner,6,10,8,35,63,2,4,4,3,-2,1,Capacity,2,ShortCharg,2,Protection,-3,Stamina,-2,,,44444,Wht Fatalis Horn,2,Wht Fatalis Shl,1,Wht Fatalis Wbng,3,Chameleos Jewel,1,,,,
306,Kut-Ku Vambraces X,ARMS,Male/Female,Blademaster,7,10,9,78,110,2,-2,0,-2,-1,2,Attack,2,Defense,-2,Rec Speed,1,PsychicVis,4,,,12800,Thick Kut-Ku Scl,3,Hvy Kut-Ku Shell,2,Str Kut-Ku Wing,2,Stout Bone,2,,,,
307,Kut-Ku Guards X,ARMS,Male/Female,Gunner,7,10,9,38,60,5,1,3,-1,0,2,Attack,2,Defense,-2,Rec Speed,1,PsychicVis,4,,,12800,Thick Kut-Ku Scl,3,Hvy Kut-Ku Shell,2,Str Kut-Ku Wing,2,Stout Bone,2,,,,
308,Conga Vambraces X,ARMS,Male/Female,Blademaster,7,10,9,80,110,-3,2,2,-1,0,2,Antiseptic,4,Spc Attack,3,Hunger,-2,,,,,13300,HrdCongalalaPlt+,2,Piercing Claw,6,Conga Pelt+,4,Rare Scarab,2,,,,
309,Conga Guards X,ARMS,Male/Female,Gunner,7,10,9,40,60,-1,4,4,0,1,2,Gluttony,3,PierceS Up,4,Hunger,-2,,,,,13300,HrdCongalalaPlt+,2,Piercing Claw,6,Conga Pelt+,4,Rare Scarab,2,,,,
310,Gypceros Vambraces X,ARMS,Male/Female,Blademaster,7,10,9,80,110,-4,1,4,1,0,2,Poison,2,Carving,4,Recovery,-3,,,,,13300,SpecRubberyHide+,4,Monster Essence,2,Purecrystal,1,Gendrome Tail,4,,,,
311,Gypceros Guards X,ARMS,Male/Female,Gunner,7,10,9,40,60,-1,4,6,3,0,2,PoisonCAdd,2,Carving,4,Recovery,-3,,,,,13300,SpecRubberyHide+,4,Monster Essence,2,Purecrystal,1,Gendrome Tail,4,,,,
312,Khezu Vambraces X,ARMS,Male/Female,Blademaster,7,10,9,82,110,-3,3,4,1,0,2,Paralysis,3,Rec Speed,4,Faint,-2,,,,,13800,KhezuHide-Cream,2,Eltalite Ore,4,Thunderbug Juice,4,Hrd Monster Bone,4,,,,
313,Khezu Guards X,ARMS,Male/Female,Gunner,7,10,9,40,60,-1,5,6,2,0,2,Paralysis,3,Recovery,4,Faint,-2,,,,,13800,KhezuHide-Cream,2,Eltalite Ore,4,Thunderbug Juice,4,Hrd Monster Bone,4,,,,
314,HermitaurVambracesX,ARMS,Male/Female,Blademaster,7,10,9,82,110,-3,3,-4,0,1,2,Guard Up,3,Defense,2,All Resist,-2,BombStrUp,2,,,13800,HrdHermitaurClaw,2,HvyHermitaurShl,3,Piercing Claw,3,Union Ore,4,,,,
315,Hermitaur Guards X,ARMS,Male/Female,Gunner,7,10,9,40,60,-1,5,-2,1,2,2,Guard Up,3,Defense,2,All Resist,-2,Crag S Add,2,,,13800,HrdHermitaurClaw,2,HvyHermitaurShl,3,Piercing Claw,3,Union Ore,4,,,,
316,Hypno Vambraces X,ARMS,Male/Female,Blademaster,7,10,9,82,110,-2,2,0,1,1,2,Sleep,4,Constitutn,3,Paralysis,-2,,,,,13800,OrangeHypnoPelt+,4,Hypno Claw+,3,Hypno Fang,3,Thick Kut-Ku Scl,3,,,,
317,Hypno Guards X,ARMS,Male/Female,Gunner,7,10,9,40,60,0,4,2,3,2,2,Sleep,1,Constitutn,3,Paralysis,-2,SleepCAdd,3,,,13800,OrangeHypnoPelt+,4,Hypno Claw+,3,Hypno Fang,3,Thick Kut-Ku Scl,3,,,,
318,Basarios Vambraces X,ARMS,Male/Female,Blademaster,8,10,9,84,110,0,2,2,1,-2,3,Defense,3,Protection,2,Attack,-2,,,,,13800,HvyBasariosShell,3,Mellanje Ore,3,DeadlyPoisonSac,3,Eltalite Ore,4,,,,
319,Basarios Guards X,ARMS,Male/Female,Gunner,8,10,9,42,60,2,4,4,2,0,2,Defense,2,Protection,2,Attack,-2,Gunnery,3,,,13800,HvyBasariosShell,3,Mellanje Ore,3,DeadlyPoisonSac,3,Eltalite Ore,4,,,,
320,Plesioth Vambraces X,ARMS,Male/Female,Blademaster,7,10,9,84,110,-4,4,-4,2,0,2,Stamina,1,Tranquilzr,2,Constitutn,-1,Perceive,5,,,14250,ThckPlesiothScl,1,SpecPlesiothFin+,3,Cephalos Scale+,3,Emperor Cricket,3,,,,
321,Plesioth Guards X,ARMS,Male/Female,Gunner,7,10,9,42,60,-2,6,-2,3,1,2,Stamina,3,Tranquilzr,3,Constitutn,-3,,,,,14250,ThckPlesiothScl,1,SpecPlesiothFin+,3,Cephalos Scale+,3,Emperor Cricket,3,,,,
322,Monoblos Vambraces X,ARMS,Male/Female,Blademaster,7,8,9,88,110,2,-1,-2,-1,-1,2,Potential,1,PsychicVis,2,Protection,-2,Expert,4,,,14750,Mellanje Ore,3,Top-GrdRedHorn,2,MonoblosCarapace,5,Hvy Monster Bone,3,,,,
323,Monoblos Guards X,ARMS,Male/Female,Gunner,7,8,9,44,60,4,2,0,0,0,2,Potential,1,PsychicVis,2,Protection,-2,Expert,4,,,14750,Mellanje Ore,3,Top-GrdRedHorn,2,MonoblosCarapace,5,Hvy Monster Bone,3,,,,
324,Garuga Vambraces X,ARMS,Male/Female,Blademaster,8,10,9,88,110,2,0,2,0,0,2,HearProtct,2,Spc Attack,4,SwdShrpner,1,Rec Speed,-2,,,14750,ThickGarugaScale,5,Hvy Garuga Shell,3,LethrGarugaTail,1,Hvy Monster Bone,2,,,,
325,Garuga Guards X,ARMS,Male/Female,Gunner,8,10,9,44,60,3,2,3,1,0,2,HearProtct,2,Spc Attack,4,ClsRngCAdd,1,Rec Speed,-2,,,14750,ThickGarugaScale,5,Hvy Garuga Shell,3,LethrGarugaTail,1,Hvy Monster Bone,2,,,,
326,Blango Vambraces X,ARMS,Male/Female,Blademaster,8,10,9,88,110,-4,2,0,3,1,2,ElementAtk,2,Heat Res,-2,Snow Res,5,,,,,14750,HrdBlangongaPlt+,2,LeathrBlangoTail,2,Blangonga Pelt+,4,Giadrome Hide,2,,,,
327,Blango Guards X,ARMS,Male/Female,Gunner,8,10,9,44,60,-3,4,1,5,2,2,ElementAtk,2,Heat Res,-2,Snow Res,5,,,,,14750,HrdBlangongaPlt+,2,LeathrBlangoTail,2,Blangonga Pelt+,4,Giadrome Hide,2,,,,
328,CeanataurVambracesX,ARMS,Male/Female,Blademaster,8,10,9,89,111,1,2,-1,-1,0,2,Fencing,1,Sword Draw,4,Health,-4,,,,,15100,HvyCeanataurShl,2,HvyCeanataurLeg,3,Ceanataur Pincer,3,Mellanje Ore,2,,,,
329,Ceanataur Guards X,ARMS,Male/Female,Gunner,8,10,9,44,60,2,4,0,0,2,2,Capacity,1,PierceSAdd,5,Health,-3,,,,,15100,HvyCeanataurShl,2,HvyCeanataurLeg,3,Ceanataur Pincer,3,Mellanje Ore,2,,,,
330,Rathian Vambraces X,ARMS,Male/Female,Blademaster,8,10,9,90,112,2,0,-2,0,-4,2,Health,4,Recovery,3,SwdShrpner,-2,,,,,15600,Rathian Thorn,1,HvyRathianShell,2,ThckRathianScl,3,Mellanje Ore,3,,,,
331,Rathian Guards X,ARMS,Male/Female,Gunner,8,10,9,44,62,4,2,0,2,-2,2,Health,6,Recovery,1,Precision,-2,,,,,15600,Rathian Thorn,1,HvyRathianShell,2,ThckRathianScl,3,Mellanje Ore,3,,,,
332,Narga Vambraces X,ARMS,Male/Female,Blademaster,8,10,9,90,112,-4,3,-3,2,0,2,Evade Dist,3,Evade,2,Attack,-2,SpeedSetup,2,,,15600,BlackNargaPelt+,4,ThickNargaScale,3,HvyNargacugaFang,6,SpecRemobraSkin+,2,,,,
333,Narga Guards X,ARMS,Male/Female,Gunner,8,10,9,44,62,-2,4,-1,3,1,2,Evade Dist,2,Evade,5,Attack,-2,,,,,15600,BlackNargaPelt+,4,ThickNargaScale,3,HvyNargacugaFang,6,SpecRemobraSkin+,2,,,,
334,Lava Vambraces X,ARMS,Male/Female,Blademaster,8,10,9,92,112,4,-3,0,0,1,1,Terrain,5,Guts,1,ShortCharg,3,MixSucRate,-2,,,16100,HvyLavasiothShl,3,SpecLavasioFin+,1,ThckLavasiothScl,6,Mellanje Ore,2,,,,
335,Lava Guards X,ARMS,Male/Female,Gunner,8,10,9,46,62,5,-1,2,2,2,1,Terrain,5,Guts,1,ShortCharg,3,MixSucRate,-2,,,16100,HvyLavasiothShl,3,SpecLavasioFin+,1,ThckLavasiothScl,6,Mellanje Ore,2,,,,
336,Tigrex Vambraces X,ARMS,Male/Female,Blademaster,9,10,9,92,112,3,2,-2,3,-1,2,Cooking,3,HearProtct,1,Protection,-2,Perceive,3,,,16100,Hard Tigrex Claw,2,ThickTigrexScale,4,Tigrex Claw+,3,Purecrystal,1,,,,
337,Tigrex Guards X,ARMS,Male/Female,Gunner,9,10,9,46,62,4,3,-1,4,0,2,Cooking,3,HearProtct,1,Protection,-2,Perceive,3,,,16100,Hard Tigrex Claw,2,ThickTigrexScale,4,Tigrex Claw+,3,Purecrystal,1,,,,
338,Rathalos Vambraces X,ARMS,Male/Female,Blademaster,8,10,9,92,112,2,-1,2,-3,-4,2,Attack,5,Sword Draw,2,ShortCharg,-2,,,,,16100,Hrd Rathalos Scl,2,HvyRathalosShl,3,Hvy Monster Bone,2,PhantomButterfly,3,,,,
339,Rathalos Guards X,ARMS,Male/Female,Gunner,8,10,9,46,62,4,0,5,-1,-2,2,Attack,5,NormalS Up,2,ShortCharg,-2,,,,,16100,Hrd Rathalos Scl,2,HvyRathalosShl,3,Hvy Monster Bone,2,PhantomButterfly,3,,,,
340,Diablo Vambraces X,ARMS,Male/Female,Blademaster,9,10,9,92,112,3,-1,1,-2,0,2,WindPress,1,Attack,6,Map,-2,,,,,16100,HvyDiablosShell,3,StoutWarpedHorn,1,Blos Fang,8,Hvy Monster Bone,4,,,,
341,Diablo Guards X,ARMS,Male/Female,Gunner,9,10,9,46,62,5,2,4,-1,0,2,WindPress,4,Attack,3,Map,-2,,,,,16100,HvyDiablosShell,3,StoutWarpedHorn,1,Blos Fang,8,Hvy Monster Bone,4,,,,
342,Gravios Vambraces X,ARMS,Male/Female,Blademaster,9,10,9,92,112,2,-2,2,0,-2,2,Health,3,Guard,3,Guard Up,1,Constitutn,-2,,,16100,HvyGraviosShell,2,Gravios Carapace,2,DeadlyPoisonSac,2,HvnlyGraviosShl,1,,,,
343,Gravios Guards X,ARMS,Male/Female,Gunner,9,10,9,46,62,4,1,3,1,0,2,Health,3,Recoil,3,Guard Up,1,Constitutn,-2,,,16100,HvyGraviosShell,2,Gravios Carapace,2,DeadlyPoisonSac,2,HvnlyGraviosShl,1,,,,
344,Kut-Ku Vambraces Z,ARMS,Male/Female,Blademaster,7,10,9,80,110,2,-2,0,-2,-1,2,Expert,3,Health,-2,WindPress,1,Recovery,3,,,12800,ThkBlueKut-KuScl,3,HvyBlueKut-KuShl,2,ThkBullfangoPelt,2,Stout Bone,2,,,,
345,Kut-Ku Guards Z,ARMS,Male/Female,Gunner,7,10,9,40,60,5,1,3,-1,0,2,Expert,3,Health,-2,Reload,1,Recovery,3,,,12800,ThkBlueKut-KuScl,3,HvyBlueKut-KuShl,2,ThkBullfangoPelt,2,Stout Bone,2,,,,
346,Conga Vambraces Z,ARMS,Male/Female,Blademaster,7,10,9,82,110,2,1,1,-3,0,2,Cooking,3,Expert,4,Sharpness,-2,,,,,13300,E.CongalalaPelt+,4,Vibrant Comb,1,HrdE.CongaClaw,2,Hvy Monster Bone,2,,,,
347,Conga Guards Z,ARMS,Male/Female,Gunner,7,10,9,42,60,4,3,3,-1,0,3,Cooking,2,PelletS Up,2,ShortCharg,-3,,,,,13300,E.CongalalaPelt+,4,Vibrant Comb,1,HrdE.CongaClaw,2,Hvy Monster Bone,2,,,,
348,Gypceros Vambraces Z,ARMS,Male/Female,Blademaster,7,10,9,82,110,-4,1,4,1,0,2,Faint,4,Stamina,3,Hunger,-2,,,,,13300,HrdPuGypcerosWng,3,DeadlyPoisonSac,2,Antiseptic Stone,8,RobustWyvernBone,4,,,,
349,Gypceros Guards Z,ARMS,Male/Female,Gunner,7,10,9,42,60,-1,4,6,3,0,2,Faint,4,Stamina,3,Hunger,-2,,,,,13300,HrdPuGypcerosWng,3,DeadlyPoisonSac,2,Antiseptic Stone,8,RobustWyvernBone,4,,,,
350,Khezu Vambraces Z,ARMS,Male/Female,Blademaster,7,10,9,84,110,3,-3,4,0,0,2,HearProtct,3,Wide Area,4,Protection,-2,,,,,13800,StrAlluringWing,2,Pale Khezu Steak,1,Lightning Sac,2,Carbalite Ore,4,,,,
351,Khezu Guards Z,ARMS,Male/Female,Gunner,7,10,9,42,60,5,-1,6,1,0,2,HearProtct,2,Wide Area,5,Protection,-2,,,,,13800,StrAlluringWing,2,Pale Khezu Steak,1,Lightning Sac,2,Carbalite Ore,4,,,,
352,HermitaurVambracesZ,ARMS,Male/Female,Blademaster,7,10,9,84,110,0,3,-2,-4,1,3,Guts,3,Guard,1,Stamina,-3,,,,,13800,PlumD.HermitrClw,2,PlumD.HermitrShl,4,RobustWyvernBone,3,Purecrystal,1,,,,
353,Hermitaur Guards Z,ARMS,Male/Female,Gunner,7,10,9,42,60,1,6,-1,-2,2,3,Guts,3,Recoil,1,Reload,-3,,,,,13800,PlumD.HermitrClw,2,PlumD.HermitrShl,4,RobustWyvernBone,3,Purecrystal,1,,,,
354,Plesioth Vambraces Z,ARMS,Male/Female,Blademaster,7,10,9,86,110,-4,4,-4,2,0,2,Stamina,1,Hunger,2,Constitutn,-1,PsychicVis,5,,,14250,ThckGrnPlesioScl,1,SpecGrnPlesioFn+,3,Coral Cphlos Scl,3,Monster Essence,1,,,,
355,Plesioth Guards Z,ARMS,Male/Female,Gunner,7,10,9,44,60,-2,6,-2,3,1,2,Stamina,3,Hunger,3,Constitutn,-3,,,,,14250,ThckGrnPlesioScl,1,SpecGrnPlesioFn+,3,Coral Cphlos Scl,3,Monster Essence,1,,,,
356,Blango Vambraces Z,ARMS,Male/Female,Blademaster,8,10,9,90,110,3,0,2,-3,1,2,Sharpness,1,Attack,3,Cold Res,-2,Faint,3,,,14750,C.BlangongaPelt+,2,LthrC.BlangoTail,2,WhtMonoblosThora,1,ThkBullfangoPelt,2,,,,
357,Blango Guards Z,ARMS,Male/Female,Gunner,8,10,9,46,60,5,1,4,-2,2,2,NormalS Up,1,AutoReload,3,Cold Res,-2,Faint,3,,,14750,C.BlangongaPelt+,2,LthrC.BlangoTail,2,WhtMonoblosThora,1,ThkBullfangoPelt,2,,,,
358,CeanataurVambracesZ,ARMS,Male/Female,Blademaster,8,10,9,91,111,2,1,-1,0,0,3,Artisan,1,Sharpness,1,Defense,-5,,,,,15100,TerraCeanatrShl,2,HvyCeanataurLeg,3,Ceanataur Pincer,3,Giant Blk Pearl,1,,,,
359,Ceanataur Guards Z,ARMS,Male/Female,Gunner,8,10,9,46,60,4,2,0,1,2,3,PierceS Up,1,Reload,2,Defense,-4,,,,,15100,TerraCeanatrShl,2,HvyCeanataurLeg,3,Ceanataur Pincer,3,Giant Blk Pearl,1,,,,
360,Diablo Vambraces Z,ARMS,Male/Female,Blademaster,9,10,9,94,112,3,-1,1,-2,0,2,Sharpness,2,Expert,3,HearProtct,2,Protection,-2,,,16100,HvyBlkBlosShell,3,StoutBlkTwstdHrn,1,Blos Fang,8,Purecrystal,2,,,,
361,Diablo Guards Z,ARMS,Male/Female,Gunner,9,10,9,48,62,5,2,4,-1,0,2,Reload,2,Expert,3,HearProtct,2,Protection,-2,,,16100,HvyBlkBlosShell,3,StoutBlkTwstdHrn,1,Blos Fang,8,Purecrystal,2,,,,
362,Gravios Vambraces Z,ARMS,Male/Female,Blademaster,9,10,9,94,112,2,-2,2,1,0,2,Defense,5,ElementAtk,2,Stamina,-2,,,,,16100,HvyBlkGraviosShl,2,Blk Gravios Cpc,2,Coma Sac,3,Gravios BrainStm,2,,,,
363,Gravios Guards Z,ARMS,Male/Female,Gunner,9,10,9,48,62,4,1,3,2,0,2,Defense,3,ElementAtk,3,Stamina,-3,,,,,16100,HvyBlkGraviosShl,2,Blk Gravios Cpc,2,Coma Sac,3,Gravios BrainStm,2,,,,
364,Chakra Bracelet,ARMS,Male/Female,Blademaster/Gunner,7,10,10,30,54,0,0,0,0,0,3,,,,,,,,,,,11000,Purecrystal,1,Vibrant Comb,2,Eltalite Ore,3,,,,,,
365,Golden Kote Shin,ARMS,Male/Female,Blademaster,9,10,10,81,111,3,2,2,-2,3,2,Artisan,3,Sneak,-3,Dragon Res,3,,,,,23700,Hard Rajang Horn,1,GoldRajangPelt+,1,Blk Rajang Pelt+,2,ThckGldRathnScl,2,,,,
366,PupptMastrGlovesShin,ARMS,Male/Female,Gunner,9,10,10,40,62,4,3,3,-1,4,2,NormalS Up,3,Sneak,3,Dragon Res,3,,,,,23700,Blk Rajang Pelt+,5,Rajang Tail,2,ThckDaoraDrgnScl,2,SpecRemobraSkin+,2,,,,
367,BlackBeltVambracesX,ARMS,Male/Female,Blademaster,9,10,10,82,110,1,1,1,1,1,0,Torso Inc,,,,,,,,,,19800,SpecialKirinHide,2,BlackBeltCoinG,8,Legend Coin G,3,Commendation S,1,,,,
368,Black Belt Guards X,ARMS,Male/Female,Gunner,9,10,10,42,60,3,3,3,3,3,0,Torso Inc,,,,,,,,,,19800,SpecialKirinHide,2,BlackBeltCoinG,8,Legend Coin G,3,Commendation S,1,,,,
369,Obituary Mano X,ARMS,Male,Blademaster,7,10,10,84,110,3,-5,3,-4,2,3,Evade,3,Gathering,2,Cold Res,-2,,,,,13800,PhantomButterfly,3,Great Hornfly,2,Lightning Sac,4,Paralysis Sac,3,,,,
370,Butterfly Mano X,ARMS,Female,Blademaster,7,10,10,84,110,3,-5,3,-4,2,3,Evade,3,Gathering,2,Cold Res,-2,,,,,13800,PhantomButterfly,3,Great Hornfly,2,Lightning Sac,4,Paralysis Sac,3,,,,
371,Obituary Brasso X,ARMS,Male,Gunner,7,10,10,42,60,4,-4,5,-3,2,3,Evade,3,Gathering,2,Cold Res,-2,,,,,13800,PhantomButterfly,3,Great Hornfly,2,Lightning Sac,4,Paralysis Sac,3,,,,
372,Butterfly Brasso X,ARMS,Female,Gunner,7,10,10,42,60,4,-4,5,-3,2,3,Evade,3,Gathering,2,Cold Res,-2,,,,,13800,PhantomButterfly,3,Great Hornfly,2,Lightning Sac,4,Paralysis Sac,3,,,,
373,Mizuha Sleeves Shin,ARMS,Male/Female,Blademaster,9,10,10,92,112,-4,3,0,4,-1,2,AntiDaora,3,HearProtct,1,Terrain,-2,Sneak,3,,,21000,SpecChameleHide+,3,HrdChameleosHorn,2,ElderDragonBlood,4,Commendation S,1,,,,
374,ExtrvagntSleevesShin,ARMS,Male/Female,Gunner,9,10,10,46,62,-3,4,1,5,0,2,AntiDaora,1,HearProtct,5,Terrain,-2,Sneak,1,,,21000,SpecChameleHide+,3,HrdChameleosHorn,2,BigEDragonBone,2,BigEDragonJewel,1,,,,
375,Kushala Grip X,ARMS,Male/Female,Blademaster,9,10,10,94,112,0,2,-2,4,-3,2,AntiFirDrg,2,Sharpness,3,Poison,-2,Evade,2,,,24000,Hvy Daora Shell,3,ThckDaoraDrgnScl,2,Daora Sharp Claw,1,Daora Jewel,1,,,,
376,Kushala Embrace X,ARMS,Male/Female,Gunner,9,10,10,48,62,2,3,-2,5,-2,2,AntiFirDrg,2,Recoil,3,Poison,-2,Reload,2,,,24000,Hvy Daora Shell,3,ThckDaoraDrgnScl,2,Daora Sharp Claw,1,Daora Jewel,1,,,,
377,Kirin Longarms X,ARMS,Male/Female,Blademaster,9,10,10,96,112,0,2,4,0,-1,2,ElementAtk,4,Stamina,1,Protection,2,All Resist,-2,,,24000,SpecialKirinHide,1,Kirin Hide+,2,HrdPuGypcerosWng,2,Thunderbug Jelly,6,,,,
378,Kirin Gloves X,ARMS,Male/Female,Gunner,9,10,10,48,62,1,4,6,1,0,2,ElementAtk,4,Stamina,1,Protection,2,All Resist,-2,,,24000,SpecialKirinHide,1,Kirin Hide+,2,HrdPuGypcerosWng,2,Thunderbug Jelly,6,,,,
379,Empress Vambraces X,ARMS,Male/Female,Blademaster,9,8,10,98,114,5,-1,0,0,-2,2,AntiChamel,2,Wide Area,2,Recovery,3,Everlastng,-2,,,27000,ThckFireDrgnScl,2,LunastraCarapace,3,Lunastra Mane,3,Fire Drgn Jwl,1,,,,
380,Empress Guards X,ARMS,Male/Female,Gunner,9,8,10,49,63,6,1,2,0,-1,2,AntiChamel,2,Wide Area,2,Recovery,3,Everlastng,-2,,,27000,ThckFireDrgnScl,2,LunastraCarapace,3,Lunastra Mane,3,Fire Drgn Jwl,1,,,,
381,Indra Gloves Shin,ARMS,Male/Female,Blademaster,9,10,10,100,116,-2,3,2,2,-2,2,Guard,3,Guts,4,Cooking,-2,,,,,31500,HvyGaorenShell,2,Hard Gaoren Claw,1,ThckDaoraDrgnScl,2,PhantomButterfly,3,,,,
382,SteadfastGuardsShin,ARMS,Male/Female,Gunner,9,10,10,50,64,0,5,3,3,-1,2,Recoil,3,Guts,4,Cooking,-2,,,,,31500,HvyGaorenShell,2,Hard Gaoren Claw,1,ThckDaoraDrgnScl,2,PhantomButterfly,3,,,,
383,Kaiser Vambraces X,ARMS,Male/Female,Blademaster,9,10,10,100,116,5,-1,0,0,-2,2,AntiChamel,2,Expert,5,Everlastng,-2,,,,,31500,HvyTeostraShell,4,HrdFireDrgnClaw,3,Firecell Stone,4,Commendation S,1,,,,
384,Kaiser Guards X,ARMS,Male/Female,Gunner,9,10,10,50,64,6,1,2,0,-1,2,AntiChamel,2,Expert,5,Everlastng,-2,,,,,31500,HvyTeostraShell,4,HrdFireDrgnClaw,3,Firecell Stone,4,Commendation S,1,,,,
385,GuardSprtVmbrcesShin,ARMS,Male/Female,Blademaster,9,10,10,100,116,2,2,3,-2,-2,2,Fencing,1,Cooking,3,Hunger,-2,Paralysis,3,,,31500,AncientDrgnwood,2,YamaTsukamiHide,3,Purecrystal,3,Commendation S,1,,,,
386,CarnageVambracesShin,ARMS,Male/Female,Gunner,9,10,10,50,64,4,3,5,-1,-1,2,Capacity,1,Cooking,3,Hunger,-2,ParalyCAdd,3,,,31500,AncientDrgnwood,2,YamaTsukamiHide,3,Purecrystal,3,Commendation S,1,,,,
387,Dragonclaw X,ARMS,Male/Female,Blademaster,9,10,10,100,116,0,2,2,2,-5,2,ResistSts,2,Sharpness,1,Evade Dist,3,Dragon Res,-3,,,44444,HardFatalisHorn,2,Hvy Fatalis Shl,1,ThckFatalisScale,2,HvnlyRathianScl,1,,,,
388,Dragonfist X,ARMS,Male/Female,Gunner,9,10,10,50,64,2,4,4,3,-2,2,ResistSts,2,PierceS Up,1,Evade Dist,3,Dragon Res,-3,,,44444,HardFatalisHorn,2,Hvy Fatalis Shl,1,ThckFatalisScale,2,HvnlyRathianScl,1,,,,
389,Dark Ukanlos Claw,ARMS,Male/Female,Blademaster,9,10,10,100,116,-4,3,-2,5,0,2,Artisan,1,Fencing,3,Protection,-2,Quake Res,3,,,31500,HvyUkanlosShell,2,UkanlosDiggngClw,4,Hard Rajang Claw,2,Ukanlos Stone,1,,,,
390,DarkUkanlosGauntlet,ARMS,Male/Female,Gunner,9,10,10,50,64,-2,5,0,6,1,2,Capacity,1,Reload,6,Protection,-2,,,,,31500,HvyUkanlosShell,2,UkanlosDiggngClw,4,Hard Rajang Claw,2,Ukanlos Stone,1,,,,
391,Melahoa Branch Z,ARMS,Male/Female,Blademaster,7,10,10,78,110,0,1,1,0,0,2,HiSpdGathr,2,SpeedSetup,3,Evade Dist,2,Whim,-2,,,11700,Emperor Cricket,3,Dosbiscus,5,FlynMealPassPlus,2,Thunderbug Jelly,6,,,,
392,Melahoa Petal Z,ARMS,Male/Female,Gunner,7,10,10,38,60,0,2,1,0,0,2,HiSpdGathr,2,SpeedSetup,3,Evade Dist,2,Whim,-2,,,11700,Emperor Cricket,3,Dosbiscus,5,FlynMealPassPlus,2,Thunderbug Jelly,6,,,,
393,Makluva Sleeves Z,ARMS,Male/Female,Blademaster,7,10,10,82,110,0,2,-2,0,0,3,MixSucRate,2,Everlastng,5,,,,,,,13300,Eltalite Ore,5,ThckGrnPlesioScl,3,Springnight Carp,4,Book of Combos 5,1,,,,
394,Makluva Sucker Z,ARMS,Male/Female,Gunner,7,10,10,42,60,0,3,-1,0,0,3,MixSucRate,2,Everlastng,5,,,,,,,13300,Eltalite Ore,5,ThckGrnPlesioScl,3,Springnight Carp,4,Book of Combos 5,1,,,,
395,RathianHrtVambracesZ,ARMS,Male/Female,Blademaster,8,10,10,92,112,2,0,-2,0,-4,2,Wide Area,5,Protection,2,Potential,-2,,,,,21000,HvyPnkRathianShl,2,ThckPnkRathnScl,4,Hvy Monster Bone,3,Rathian Ruby,1,,,,
396,RathianHeartGuardsZ,ARMS,Male/Female,Gunner,8,10,10,46,62,4,2,0,2,-2,2,Wide Area,5,Protection,2,Potential,-2,,,,,21000,HvyPnkRathianShl,2,ThckPnkRathnScl,4,Hvy Monster Bone,3,Rathian Ruby,1,,,,
397,RathSoulVambracesZ,ARMS,Male/Female,Blademaster,8,10,10,94,112,2,-1,2,0,-4,3,Expert,2,HearProtct,3,Health,-2,,,,,21500,HvyAzurRthlsShl,2,ThckAzurRthlsScl,3,Hvy Monster Bone,3,Eltalite Ore,3,,,,
398,RathalosSoulGuardsZ,ARMS,Male/Female,Gunner,8,10,10,48,62,4,2,5,1,-2,2,Expert,1,HearProtct,1,Health,-3,Constitutn,4,,,21500,HvyAzurRthlsShl,2,ThckAzurRthlsScl,3,Hvy Monster Bone,3,Eltalite Ore,3,,,,
399,GoldenMoonVambracesZ,ARMS,Male/Female,Blademaster,9,10,10,96,114,2,0,-2,0,1,2,Fate,4,Tranquilzr,3,Whim,-2,,,,,24000,HvyGldRathianShl,3,ThckGldRathnScl,3,Rathian Thorn,1,HvnlyRathianScl,1,,,,
400,Golden Moon Guards Z,ARMS,Male/Female,Gunner,9,10,10,48,62,4,2,0,1,2,2,Fate,4,Tranquilzr,3,Whim,-2,,,,,24000,HvyGldRathianShl,3,ThckGldRathnScl,3,Rathian Thorn,1,HvnlyRathianScl,1,,,,
401,SilverSolVambracesZ,ARMS,Male/Female,Blademaster,9,10,10,98,114,2,-1,-1,0,1,2,Attack,4,Fencing,3,Defense,-2,,,,,24500,HvySlvrRthlsShl,2,ThckSlvrRthlsScl,3,HvnlyRathalosScl,1,Big Wyvern Stone,2,,,,
402,Silver Sol Guards Z,ARMS,Male/Female,Gunner,9,10,10,50,62,4,2,1,1,2,2,Attack,4,PierceS Up,3,Defense,-2,,,,,24500,HvySlvrRthlsShl,2,LthrSlvrRthlsTal,3,HvnlyRathalosScl,1,Big Wyvern Stone,2,,,,
403,AurorosGauntletsGoku,ARMS,Male,Blademaster,8,10,10,98,114,-2,2,0,2,-4,2,Rec Speed,6,Sword Draw,1,Faint,-2,,,,,35500,Lao-Shan'sHvyShl,4,Azure LaoS Claw,1,Narga Brain Stem,1,Commendation S,1,,,,
404,BorealsGauntletsGoku,ARMS,Female,Blademaster,8,10,10,98,114,-2,2,0,2,-4,2,Rec Speed,6,Sword Draw,1,Faint,-2,,,,,35500,Lao-Shan'sHvyShl,4,Azure LaoS Claw,1,Narga Brain Stem,1,Commendation S,1,,,,
405,GenesisGauntletsGoku,ARMS,Male,Gunner,8,10,10,50,62,1,3,2,3,-2,2,Rec Speed,6,PelletS Up,1,Faint,-2,,,,,35500,Lao-Shan'sHvyShl,4,Azure LaoS Claw,1,Narga Brain Stem,1,Commendation S,1,,,,
406,Glyph Gauntlets Goku,ARMS,Female,Gunner,8,10,10,50,62,1,3,2,3,-2,2,Rec Speed,6,PelletS Up,1,Faint,-2,,,,,35500,Lao-Shan'sHvyShl,4,Azure LaoS Claw,1,Narga Brain Stem,1,Commendation S,1,,,,
407,Fatalis Claw Z,ARMS,Male/Female,Blademaster,9,10,10,103,117,0,2,2,2,-5,2,Fury,2,Artisan,2,Evade,2,Rec Speed,-3,,,55555,HrdFatlisCrmHorn,2,HvyFatalisCrmShl,1,StrFatlisCrmWing,3,HvnlyGraviosShl,1,,,,
408,Fatalis Fist Z,ARMS,Male/Female,Gunner,9,10,10,53,65,2,4,4,3,-2,2,Fury,2,Capacity,2,Evade,2,Rec Speed,-3,,,55555,HrdFatlisCrmHorn,2,HvyFatalisCrmShl,1,StrFatlisCrmWing,3,HvnlyGraviosShl,1,,,,
409,White Fatalis Claw Z,ARMS,Male/Female,Blademaster,9,10,10,104,118,0,2,2,2,-5,2,Edgemaster,2,Constitutn,4,Fate,-3,,,,,66666,HrdWhtFatlisHorn,2,HvyWhtFatalisShl,1,StrWhtFatalisWng,3,BigEDragonJewel,1,,,,
410,White Fatalis Fist Z,ARMS,Male/Female,Gunner,9,10,10,54,66,2,4,4,3,-2,3,SteadyHand,2,Constitutn,2,Fate,-3,,,,,66666,HrdWhtFatlisHorn,2,HvyWhtFatalisShl,1,StrWhtFatalisWng,3,BigEDragonJewel,1,,,,